scenario,trial,cohort_size,possible_groups,successful_groups,success_rate,median_formation_days,p95_matching_latency_seconds,isolated_students,group_balance_index,mean_skill_variance,mean_schedule_score,satisfaction_score
AS_IS_WhatsApp,1,200,40,16,0.4,2.6872358101779956,,120,0.31618054938679974,0.0009105485926125239,0.8321571345301262,0.41365251304054634
AS_IS_WhatsApp,2,200,40,15,0.375,5.299146093438576,,125,0.3111105958310614,0.0007938463429162896,0.8252156701461508,0.37204177709818714
AS_IS_WhatsApp,3,200,40,12,0.3,3.7287292399823277,,140,0.27856467280823405,0.0009695572784561967,0.8305751536057631,0.35899552786672134
AS_IS_WhatsApp,4,200,40,16,0.4,4.45799480099494,,120,0.3049810011800015,0.0009549164546296856,0.842291015262175,0.3772899019615739
AS_IS_WhatsApp,5,200,40,15,0.375,5.254062908254674,,125,0.2923730990617182,0.0009738007019297319,0.8727073075265295,0.3997240101622878
AS_IS_WhatsApp,6,200,40,15,0.375,4.139056934366669,,125,0.30304389167965123,0.001046150924523832,0.8436924706578154,0.41529883615742197
AS_IS_WhatsApp,7,200,40,16,0.4,3.2689796865459826,,120,0.29256643821762607,0.0008818452416354408,0.840143972611574,0.40668481247374627
AS_IS_WhatsApp,8,200,40,18,0.45,3.872691980334448,,110,0.29724476312177095,0.0006133338170928159,0.8413077709377197,0.3619623135835956
AS_IS_WhatsApp,9,200,40,14,0.35,4.538994978520348,,130,0.3016310434141914,0.0011759834544472652,0.829902777214321,0.39655604759971447
AS_IS_WhatsApp,10,200,40,14,0.35,5.554924004703198,,130,0.29488550290542886,0.0010410033177138448,0.8382062322308977,0.32306949130744284
AS_IS_WhatsApp,11,200,40,17,0.425,4.36714333572197,,115,0.2810822290285101,0.0007520868947142326,0.8420203198596734,0.39827306829652026
AS_IS_WhatsApp,12,200,40,10,0.25,5.767612485863534,,150,0.30691497174907534,0.0005411587415141652,0.8263205735385775,0.4219188337374263
AS_IS_WhatsApp,13,200,40,13,0.325,5.430859052732452,,135,0.298251461654119,0.0008571119643862961,0.8407759654197828,0.33545506385945506
AS_IS_WhatsApp,14,200,40,16,0.4,4.550385709765258,,120,0.30067746336660944,0.0008235906026761207,0.8251026661391782,0.3665589463352709
AS_IS_WhatsApp,15,200,40,18,0.45,4.140901489207443,,110,0.3117456567278918,0.0009074173258646727,0.8618062136269934,0.37009127674009573
AS_IS_WhatsApp,16,200,40,13,0.325,4.895652884473455,,135,0.29749060590187043,0.0009864901445738997,0.8521501682104116,0.38533613255091764
AS_IS_WhatsApp,17,200,40,15,0.375,3.954393090442736,,125,0.3007354426543856,0.0008958034716738479,0.8186984125759675,0.38320256725212193
AS_IS_WhatsApp,18,200,40,18,0.45,5.795493368063219,,110,0.30256900702981093,0.0009482366072869388,0.8595843788666999,0.3680495529562999
AS_IS_WhatsApp,19,200,40,15,0.375,4.079111453016811,,125,0.3013459823613073,0.0005703432289503455,0.8765053316195764,0.3366280194541477
AS_IS_WhatsApp,20,200,40,14,0.35,4.474391162349451,,130,0.2842131162279277,0.000596333935601019,0.8381537497618371,0.3840324724596999
AS_IS_WhatsApp,21,200,40,15,0.375,4.068088226956407,,125,0.29428690838069416,0.0009193711621895778,0.8282511061713776,0.3033878037735401
AS_IS_WhatsApp,22,200,40,10,0.25,2.7554428704327347,,150,0.2876970266017681,0.0008665985402072553,0.8345717543171233,0.3894136173941039
AS_IS_WhatsApp,23,200,40,15,0.375,4.303891416249784,,125,0.3119643925938735,0.0006792635278632369,0.8267329832231998,0.4136445637713521
AS_IS_WhatsApp,24,200,40,11,0.275,4.27023107336854,,145,0.3217508895157333,0.0009503671387870184,0.8111095993314923,0.3733043177432112
AS_IS_WhatsApp,25,200,40,14,0.35,6.5320355398775165,,130,0.3099222381411629,0.0008157741372225456,0.8181664579706489,0.3652900876396152
AS_IS_WhatsApp,26,200,40,20,0.5,3.69110468017654,,100,0.31180605612225376,0.0012158541864199322,0.8330548390366828,0.35281989344031744
AS_IS_WhatsApp,27,200,40,12,0.3,4.3113817150529306,,140,0.3235318067504566,0.0006647296080883726,0.8146929312254751,0.44695946327096164
AS_IS_WhatsApp,28,200,40,13,0.325,5.201763632288719,,135,0.3119256453418757,0.000803065969727182,0.8272303985624117,0.41492371158345626
AS_IS_WhatsApp,29,200,40,15,0.375,6.587067185842949,,125,0.30287099263530515,0.000935755384005247,0.8343854738809104,0.3712708854984142
AS_IS_WhatsApp,30,200,40,19,0.475,3.7524710230537863,,105,0.3266086635770638,0.0007362824991730811,0.826426662875827,0.42261561681313436
AS_IS_WhatsApp,31,200,40,17,0.425,4.376332771073057,,115,0.3225312169604556,0.0008777321399187834,0.8239821820257859,0.3812400308309371
AS_IS_WhatsApp,32,200,40,19,0.475,3.5659868478323564,,105,0.29416402375250206,0.0008957475715361844,0.8427316161048222,0.39896958723553483
AS_IS_WhatsApp,33,200,40,15,0.375,4.028494979535669,,125,0.3340893345105018,0.0009212287173852639,0.8310962332579941,0.36162209909146764
AS_IS_WhatsApp,34,200,40,20,0.5,3.8075544561544308,,100,0.289108912655891,0.0009515165452943546,0.8653456081406578,0.32176752924408364
AS_IS_WhatsApp,35,200,40,17,0.425,3.4489018000343408,,115,0.27652130487730014,0.0006584601933767871,0.8404402886009118,0.36539387686570185
AS_IS_WhatsApp,36,200,40,13,0.325,6.389615897834072,,135,0.2934792182024215,0.0006554620846458785,0.839438514020939,0.38067302260038544
AS_IS_WhatsApp,37,200,40,10,0.25,5.950581881383302,,150,0.3004980042717823,0.0007376950010869319,0.8518035230450245,0.33001645820092046
AS_IS_WhatsApp,38,200,40,16,0.4,3.369552981817459,,120,0.2780023802202442,0.000811360970031144,0.8642653696191864,0.3791465396006202
AS_IS_WhatsApp,39,200,40,20,0.5,3.0458065647360177,,100,0.2823361647675126,0.0006766089871858508,0.8501495334897798,0.3504042296681665
AS_IS_WhatsApp,40,200,40,17,0.425,5.661610803445152,,115,0.2819576555952649,0.001157200521591274,0.8560205292365554,0.33617362718622584
AS_IS_WhatsApp,41,200,40,18,0.45,4.97296450877569,,110,0.29262854024280294,0.0006699217657919979,0.8299144033645476,0.3993881463961649
AS_IS_WhatsApp,42,200,40,19,0.475,3.7369678992557795,,105,0.2883519019972204,0.0009096776270178453,0.8396026157507898,0.3424933345730529
AS_IS_WhatsApp,43,200,40,15,0.375,4.5900439830408954,,125,0.2993155500316064,0.0009879206650150495,0.8319760988377543,0.381117078331431
AS_IS_WhatsApp,44,200,40,18,0.45,5.248030221541405,,110,0.3126244081238369,0.0010326839801672496,0.8435159992007841,0.36311500280347614
AS_IS_WhatsApp,45,200,40,12,0.3,3.184848774417193,,140,0.2796773158986538,0.000845420134384499,0.8480806060794215,0.3378636982576351
AS_IS_WhatsApp,46,200,40,9,0.225,4.253245870336259,,155,0.30179851799225565,0.0006023405775816953,0.8374057918168735,0.3626250000609003
AS_IS_WhatsApp,47,200,40,13,0.325,4.986427656328611,,135,0.2978219660830281,0.001070742333631687,0.8367883937379503,0.36596214042251146
AS_IS_WhatsApp,48,200,40,17,0.425,5.697685734416956,,115,0.30049764884545693,0.0008230211326295814,0.8234837570668333,0.35829380019511486
AS_IS_WhatsApp,49,200,40,16,0.4,4.188409892474173,,120,0.28879800009168316,0.0007187992746872521,0.8191714677625667,0.4013443647036515
AS_IS_WhatsApp,50,200,40,15,0.375,4.612644943873984,,125,0.30208857207600004,0.0005918018847314766,0.8687319623037574,0.3518522372804767
AS_IS_WhatsApp,51,200,40,14,0.35,7.767055529041929,,130,0.30266729586300645,0.0010194141898302036,0.8172527743693039,0.399227437842597
AS_IS_WhatsApp,52,200,40,18,0.45,4.633948678180332,,110,0.3171034148862094,0.0011929593673752497,0.8329043254710073,0.3741086240762744
AS_IS_WhatsApp,53,200,40,16,0.4,4.3295813235080445,,120,0.280529709587772,0.0006408304773401727,0.8462995832961141,0.34780240123093936
AS_IS_WhatsApp,54,200,40,16,0.4,3.9630002300859166,,120,0.31321884228714164,0.000995006091266596,0.8147181251616391,0.4004489743681476
AS_IS_WhatsApp,55,200,40,18,0.45,6.566415620607897,,110,0.29535607057636515,0.0009099968740935264,0.8538950075551401,0.4031414451207566
AS_IS_WhatsApp,56,200,40,12,0.3,3.9878323266921756,,140,0.29816722618162445,0.0009496554615169225,0.828628724032016,0.34379943414822206
AS_IS_WhatsApp,57,200,40,14,0.35,3.965182202916572,,130,0.2963381083003649,0.0005444701629806597,0.8372560782681777,0.3811106013987831
AS_IS_WhatsApp,58,200,40,20,0.5,5.0762732901950525,,100,0.2917081954292716,0.0007855569125280362,0.8392123758750992,0.3970064900796953
AS_IS_WhatsApp,59,200,40,14,0.35,5.545097901233209,,130,0.28984241808601896,0.0004572327701493728,0.8694333280030564,0.40481425625022455
AS_IS_WhatsApp,60,200,40,14,0.35,6.212047212402848,,130,0.28923407665805,0.0010410311122024916,0.8210609967492802,0.3967051522298692
AS_IS_WhatsApp,61,200,40,12,0.3,5.466277575012435,,140,0.2771932317880361,0.0008610022811461383,0.8581169951840939,0.4045851107878257
AS_IS_WhatsApp,62,200,40,21,0.525,3.8939579932367807,,95,0.28269222711679715,0.0010519296331227691,0.8473830964506448,0.4167626947305256
AS_IS_WhatsApp,63,200,40,15,0.375,5.846335172186513,,125,0.32505751135614447,0.0009372225988063948,0.823035196847599,0.42755451941387973
AS_IS_WhatsApp,64,200,40,10,0.25,5.403643157080481,,150,0.31573313319468505,0.0005592966763522532,0.8443965612281868,0.3598379758700066
AS_IS_WhatsApp,65,200,40,16,0.4,7.063608486571091,,120,0.28327353652292,0.0012237411166996707,0.8273802316438985,0.3707679304718265
AS_IS_WhatsApp,66,200,40,20,0.5,6.494778940797415,,100,0.315929505584383,0.0006389262601573549,0.8062985398824637,0.38637562421495847
AS_IS_WhatsApp,67,200,40,11,0.275,4.022239879506985,,145,0.28405005597041894,0.0006087842417694148,0.8493491593117695,0.36342053838307614
AS_IS_WhatsApp,68,200,40,10,0.25,5.552501873879326,,150,0.2771169555050033,0.0007234380010668675,0.8407814542459395,0.39585030639560953
AS_IS_WhatsApp,69,200,40,14,0.35,5.776434832545405,,130,0.30127259259193423,0.0009011935481432933,0.821303298627398,0.3201207542718251
AS_IS_WhatsApp,70,200,40,16,0.4,4.291734722865432,,120,0.31693639194519657,0.0008947097830213288,0.8376912868351795,0.4638032639612936
AS_IS_WhatsApp,71,200,40,22,0.55,6.140995433591433,,90,0.3041280635483271,0.0010579028504612096,0.8418068666296836,0.36562170938303146
AS_IS_WhatsApp,72,200,40,11,0.275,3.82524859022408,,145,0.31027571185143543,0.000914978288506637,0.8118345398423061,0.36812911759166217
AS_IS_WhatsApp,73,200,40,17,0.425,3.46986177478014,,115,0.3205671898459234,0.00087983790138826,0.8308545905165081,0.32493035892191086
AS_IS_WhatsApp,74,200,40,18,0.45,4.512240795313032,,110,0.30514223811998586,0.0006760062967408446,0.8368889104370325,0.3874795589667425
AS_IS_WhatsApp,75,200,40,16,0.4,3.747977283875654,,120,0.3118529260747152,0.0008272387409660343,0.8392839603532222,0.3668735874797499
AS_IS_WhatsApp,76,200,40,16,0.4,3.7550325298936524,,120,0.31238034873090553,0.000586459901891812,0.8346597389407989,0.38559593014878574
AS_IS_WhatsApp,77,200,40,20,0.5,6.020593388684443,,100,0.3106255151197006,0.0006832561830671548,0.8317329942272422,0.33572798798744835
AS_IS_WhatsApp,78,200,40,18,0.45,5.0724642603532715,,110,0.32115997898332094,0.0006641692114427749,0.825974001355166,0.35823469351825127
AS_IS_WhatsApp,79,200,40,19,0.475,4.256439897085591,,105,0.3028246431805452,0.0009367923378222212,0.8398498677885208,0.39468237397593303
AS_IS_WhatsApp,80,200,40,17,0.425,4.567492272657178,,115,0.31340069164242873,0.0008340898788859266,0.8458461465325022,0.37609694466726834
AS_IS_WhatsApp,81,200,40,19,0.475,3.8753363489695967,,105,0.30470261233380946,0.0009988561618196564,0.843264374650434,0.3804636229675002
AS_IS_WhatsApp,82,200,40,12,0.3,3.515296314107251,,140,0.3093233403628244,0.0006601185910773963,0.8480201609366574,0.392487855726601
AS_IS_WhatsApp,83,200,40,18,0.45,4.4332491431476235,,110,0.2974950727537306,0.0006637184567105815,0.8346552512426871,0.3759483414732378
AS_IS_WhatsApp,84,200,40,21,0.525,6.947284201715472,,95,0.2950312672310006,0.0009170775245764442,0.8201060338055468,0.42669122177847457
AS_IS_WhatsApp,85,200,40,12,0.3,4.51854662522935,,140,0.3179278947936978,0.0007606556083270358,0.8506225153430421,0.4224032357366338
AS_IS_WhatsApp,86,200,40,16,0.4,4.6593788845118596,,120,0.28534531293622506,0.0006586810736838043,0.8565942063470352,0.3329956090347131
AS_IS_WhatsApp,87,200,40,17,0.425,4.423307150606188,,115,0.28391915876033624,0.0009314829714676412,0.8191887678537938,0.36345800926030053
AS_IS_WhatsApp,88,200,40,18,0.45,4.538041898471359,,110,0.2933500311590339,0.0008934839131991201,0.829621515951396,0.29542923646951
AS_IS_WhatsApp,89,200,40,15,0.375,2.996722977498394,,125,0.2881970735880204,0.000881289900558624,0.8416850696299347,0.37934829926357355
AS_IS_WhatsApp,90,200,40,17,0.425,4.160979337113123,,115,0.3078187492148685,0.0007010633656896254,0.8316832501541136,0.3700391310089403
AS_IS_WhatsApp,91,200,40,10,0.25,3.998623027521101,,150,0.29825280573339974,0.0009590211365547921,0.8305107566422401,0.3951211459802934
AS_IS_WhatsApp,92,200,40,14,0.35,5.985450952202807,,130,0.3174480101515632,0.0007326976813383742,0.8154535135214255,0.2991651590858083
AS_IS_WhatsApp,93,200,40,20,0.5,6.051617283184106,,100,0.296074344628516,0.0010128356967437943,0.829141416687223,0.42685931162222995
AS_IS_WhatsApp,94,200,40,22,0.55,3.8747366883478644,,90,0.32619536544969685,0.0007578906945116375,0.83412882905916,0.4212875832982815
AS_IS_WhatsApp,95,200,40,20,0.5,5.0745749662967095,,100,0.32535622002245224,0.0007814829357296809,0.8379636974370663,0.3825120666657101
AS_IS_WhatsApp,96,200,40,13,0.325,3.074744490460695,,135,0.285164023076892,0.0007673273304015807,0.8440730479717008,0.33626616234208023
AS_IS_WhatsApp,97,200,40,17,0.425,4.428295437798216,,115,0.29331422166053184,0.0007219004572038791,0.8237980290307452,0.3196066599241186
AS_IS_WhatsApp,98,200,40,16,0.4,4.617889690280505,,120,0.3008582157266963,0.0008599687634016963,0.8487121065283751,0.38730499002187585
AS_IS_WhatsApp,99,200,40,18,0.45,5.881508592049677,,110,0.3154365457362725,0.0008973759061527078,0.828403869645782,0.3556862682056274
AS_IS_WhatsApp,100,200,40,17,0.425,3.753074361775771,,115,0.27807649642383553,0.0006642616710697739,0.8342607106551412,0.4143281222628082
AS_IS_WhatsApp,101,200,40,18,0.45,4.88691269040887,,110,0.28817628628604525,0.0009290618084530229,0.8362500504364831,0.3844831793204699
AS_IS_WhatsApp,102,200,40,14,0.35,3.8707662520241986,,130,0.30496603141597317,0.0008536679406235361,0.8418024428181827,0.37005798123570505
AS_IS_WhatsApp,103,200,40,14,0.35,5.761324166819158,,130,0.296181918155101,0.0006551741618501838,0.8457032885990057,0.38278078710315183
AS_IS_WhatsApp,104,200,40,15,0.375,4.83860625674646,,125,0.2945699874259183,0.0007125411153223349,0.8125550818738695,0.38431692147327495
AS_IS_WhatsApp,105,200,40,20,0.5,6.274869497348546,,100,0.27649058379430486,0.0009073866190514124,0.835517252390203,0.3959479985508548
AS_IS_WhatsApp,106,200,40,11,0.275,4.345778061173659,,145,0.27827523816399025,0.000444063250985041,0.8441571530279571,0.4368421255592653
AS_IS_WhatsApp,107,200,40,17,0.425,3.0163798812985805,,115,0.28710267842292564,0.0008783462718587812,0.8425230299603552,0.3775223093834122
AS_IS_WhatsApp,108,200,40,13,0.325,3.9992933398014126,,135,0.307617745134411,0.0010187114405099578,0.8375863847965995,0.4387747939652799
AS_IS_WhatsApp,109,200,40,18,0.45,3.5489811839062195,,110,0.30110791731990066,0.0008780649754217409,0.8377774433001939,0.38508719600825786
AS_IS_WhatsApp,110,200,40,16,0.4,4.099864040591601,,120,0.3003650236902974,0.000978293156400541,0.8331719926382075,0.36015084095393296
AS_IS_WhatsApp,111,200,40,15,0.375,4.930112965198316,,125,0.2934310481424609,0.0007691167358236937,0.8429524009671086,0.36779661238323386
AS_IS_WhatsApp,112,200,40,12,0.3,4.660517969442262,,140,0.2877807313471881,0.0009001175060122704,0.8352407481930355,0.3493582455455608
AS_IS_WhatsApp,113,200,40,13,0.325,5.842266477956132,,135,0.32727700346128386,0.0008763358831400034,0.8455602932435106,0.40674679526330354
AS_IS_WhatsApp,114,200,40,16,0.4,3.2873072872197024,,120,0.2893067204831238,0.0006255657523204087,0.8463646866330512,0.349683026793645
AS_IS_WhatsApp,115,200,40,16,0.4,6.8364367265412636,,120,0.2872188979698725,0.0010686461296827486,0.8470847837149467,0.38670494469853217
AS_IS_WhatsApp,116,200,40,16,0.4,4.845756765793162,,120,0.29699304608719734,0.0007645262526698002,0.8449649430355883,0.3637848261311332
AS_IS_WhatsApp,117,200,40,12,0.3,6.192806214449267,,140,0.28901138170530344,0.0008818814413819107,0.8599592137957319,0.36320503374809837
AS_IS_WhatsApp,118,200,40,16,0.4,5.558363391527342,,120,0.28923525587970456,0.0008474579460153574,0.8408359278493048,0.3720952244607461
AS_IS_WhatsApp,119,200,40,19,0.475,5.238316770075494,,105,0.31052074397234997,0.0005255637791238912,0.8631562613428713,0.33851700887050656
AS_IS_WhatsApp,120,200,40,17,0.425,6.563043369337058,,115,0.2884499687227713,0.0006518732130518232,0.8570495477238047,0.37783070414348635
ACN_Baseline,1,200,27,24,0.8888888888888888,0.3085036818513852,0.2551710921358949,80,0.6328322895410351,0.09456085140576796,0.6953753908121826,0.834198321242846
ACN_Baseline,2,200,29,26,0.896551724137931,0.3386774486770334,0.23788991048119984,70,0.6849170605710625,0.10468934736819911,0.7099137055904245,0.7974744203850374
ACN_Baseline,3,200,30,29,0.9666666666666667,0.2598705907363907,0.24855855903870921,55,0.6490591807530443,0.113813455146955,0.6988699167207538,0.8238903449761182
ACN_Baseline,4,200,29,20,0.6896551724137931,0.6263606857957669,0.24811367194465897,100,0.6703396282903812,0.09231118968532175,0.7232245081065805,0.8275166019628536
ACN_Baseline,5,200,29,27,0.9310344827586207,0.3880717470077422,0.22965788799797246,65,0.6771461688960994,0.11063444765170952,0.7112341037400624,0.7993505953095151
ACN_Baseline,6,200,27,25,0.9259259259259259,0.37081253587538504,0.25051062600320273,75,0.6282376735521691,0.10644909423265479,0.7018100915391071,0.8592071060407921
ACN_Baseline,7,200,27,22,0.8148148148148148,0.3855217488127428,0.23966548119982575,90,0.6250277629641005,0.1040549718558079,0.716977347826962,0.7973522876084734
ACN_Baseline,8,200,29,26,0.896551724137931,0.41429493400966555,0.24197568244895573,70,0.671794737109478,0.0911491958177223,0.6980157207952027,0.8108610073423423
ACN_Baseline,9,200,27,22,0.8148148148148148,0.4975379694161133,0.2791314460351115,90,0.6968110219810366,0.11230049406992536,0.678020703301752,0.9136857509481056
ACN_Baseline,10,200,31,28,0.9032258064516129,0.40452850476239344,0.2703189106772304,60,0.7148129022026959,0.10229937921305722,0.6862332911870997,0.8737999173524903
ACN_Baseline,11,200,27,24,0.8888888888888888,0.48098893464203063,0.24419373138427183,80,0.628765070184724,0.1018259514096347,0.6968090109838883,0.8303258644134939
ACN_Baseline,12,200,30,24,0.8,0.3369412961418892,0.2555110349057493,80,0.6849155292197321,0.09646687367240618,0.6948200556452003,0.881167896243525
ACN_Baseline,13,200,30,27,0.9,0.3758384062540117,0.2549878693633672,65,0.6591937027259792,0.10821173290017126,0.7142348241970374,0.8438593833492622
ACN_Baseline,14,200,26,23,0.8846153846153846,0.47445534963156794,0.2243989564501783,85,0.663884110309177,0.08872866841116436,0.7057049365581064,0.748808960014202
ACN_Baseline,15,200,29,26,0.896551724137931,0.4955804612185025,0.22329655823054842,70,0.661449241828148,0.10296883120040688,0.7093186333652176,0.8130142978398266
ACN_Baseline,16,200,31,26,0.8387096774193549,0.572491670651238,0.23542197085480387,70,0.6767596409396143,0.10220828639038163,0.6973841049966302,0.9061511577609832
ACN_Baseline,17,200,29,28,0.9655172413793104,0.2764982599443187,0.24807627897992843,60,0.6136755878502651,0.09725905337856403,0.7013637120968214,0.7787098468350033
ACN_Baseline,18,200,28,24,0.8571428571428571,0.550527500801625,0.247611000150088,80,0.653912937914349,0.09491872782139779,0.7037204905057948,0.8277263771471035
ACN_Baseline,19,200,29,23,0.7931034482758621,0.2776571981115036,0.2759205942319959,85,0.6535089757671197,0.09383762073107305,0.6679090253705344,0.7975551935885086
ACN_Baseline,20,200,29,29,1.0,0.6324447557505583,0.27712840822478446,55,0.6470784953884208,0.09962679670403077,0.730886709497812,0.8263135618613584
ACN_Baseline,21,200,29,26,0.896551724137931,0.5678279708029554,0.28350857607404234,70,0.6515274948583861,0.10398862568976706,0.6920280440241591,0.7916607864424706
ACN_Baseline,22,200,28,25,0.8928571428571429,0.2617341290263966,0.22870129407691533,75,0.6479504614749887,0.10714004481314383,0.7254727941209581,0.8337824154969304
ACN_Baseline,23,200,27,23,0.8518518518518519,0.2850433460351808,0.23217927257725413,85,0.6601020636463735,0.09543167004663106,0.7071007329297634,0.847221145659096
ACN_Baseline,24,200,29,24,0.8275862068965517,0.33731845170566377,0.2511138284889553,80,0.6403152925767356,0.08328862196934791,0.7061861286027106,0.7878103478873448
ACN_Baseline,25,200,26,20,0.7692307692307693,0.6397405201093851,0.23803684782683332,100,0.6484097336061807,0.08039734929185689,0.7116231515347682,0.8297614537154965
ACN_Baseline,26,200,29,24,0.8275862068965517,0.7472694109716606,0.23835724930286972,80,0.677374050017702,0.11209963438770296,0.7221467464297917,0.8835491809252288
ACN_Baseline,27,200,27,26,0.9629629629629629,0.4430463918318425,0.22995200107570984,70,0.6520680176072784,0.09215621483801577,0.703721472315212,0.8823066237177721
ACN_Baseline,28,200,27,25,0.9259259259259259,0.5676148224224546,0.22181675803108153,75,0.6132585820390086,0.09465552907307748,0.7156874894857878,0.7828551915238383
ACN_Baseline,29,200,26,24,0.9230769230769231,0.5247006292638976,0.2493960422823598,80,0.6294673004454788,0.09030555154108227,0.7023640898506993,0.7979790164245634
ACN_Baseline,30,200,29,25,0.8620689655172413,0.5871546006506099,0.2625557895894888,75,0.6859750781314093,0.09997459216504603,0.7172641248888396,0.8497463592481577
ACN_Baseline,31,200,30,27,0.9,0.37379930644162035,0.2588131209583726,65,0.6779402854773219,0.1071672873096681,0.7167696728418992,0.8327271580778388
ACN_Baseline,32,200,28,25,0.8928571428571429,0.306140676420845,0.24204276279960357,75,0.6716569626124392,0.11034971793427553,0.6968636178105384,0.9011158498546922
ACN_Baseline,33,200,29,25,0.8620689655172413,0.421166399800778,0.24649983339033393,75,0.674256554718018,0.09849579265147221,0.7044280571665545,0.8714088863861101
ACN_Baseline,34,200,30,26,0.8666666666666667,0.3988137717359523,0.2672876399353071,70,0.6745290447911297,0.11809854609440078,0.7254468573091385,0.8584241214195413
ACN_Baseline,35,200,28,23,0.8214285714285714,0.3077126326339715,0.26364659008894,85,0.6613403024815124,0.10109004535262323,0.7217160922902596,0.8387467963058268
ACN_Baseline,36,200,30,26,0.8666666666666667,0.5923885617352733,0.2410741347011972,70,0.6503785415125969,0.10054414037274938,0.7056417368486211,0.8252927378223093
ACN_Baseline,37,200,25,22,0.88,0.9171839010962624,0.22931705407898811,90,0.6351315742935236,0.10026509552992255,0.723981901781058,0.7602866882960178
ACN_Baseline,38,200,28,26,0.9285714285714286,0.30289200860128784,0.25716705881964863,70,0.6879098571074413,0.09600175416510788,0.7161369818162965,0.8314034278445483
ACN_Baseline,39,200,26,22,0.8461538461538461,0.44918274007427467,0.24929437686458686,90,0.6746682063374786,0.10479030892959554,0.702576006297572,0.8079119290917843
ACN_Baseline,40,200,29,27,0.9310344827586207,0.6554636228588976,0.2486158391181831,65,0.649352598723955,0.10242222091674542,0.7049482338598546,0.8312712240256683
ACN_Baseline,41,200,28,26,0.9285714285714286,0.3325964360053175,0.25613157660178637,70,0.6986109608116978,0.10033868761796262,0.7197916063190811,0.8711368135602672
ACN_Baseline,42,200,26,23,0.8846153846153846,0.4501742482362442,0.2468893526503171,85,0.6248608422464497,0.09411006609585988,0.6880049530021635,0.8229209121257438
ACN_Baseline,43,200,27,24,0.8888888888888888,0.3732774543155724,0.25000390025118635,80,0.653722013953243,0.09413625121812295,0.7031886078614211,0.834393060968501
ACN_Baseline,44,200,28,28,1.0,0.22402731024128542,0.2657434573843881,60,0.670332562095441,0.09615487195348259,0.7094749258337275,0.8311805055138168
ACN_Baseline,45,200,28,27,0.9642857142857143,0.34234662527031734,0.2722462348953142,65,0.6709542754541613,0.10446037464650816,0.6932797496406014,0.8056531206793173
ACN_Baseline,46,200,28,25,0.8928571428571429,0.3417192725807017,0.26551667979001503,75,0.6877705369390368,0.09400131795223268,0.6925188982640307,0.8674506739467694
ACN_Baseline,47,200,28,26,0.9285714285714286,0.6023926297965292,0.23528818922236816,70,0.6402699168828433,0.08686423642319228,0.7116679078306392,0.8260602295169007
ACN_Baseline,48,200,27,24,0.8888888888888888,0.2001050130046666,0.2525171015195856,80,0.6285195352805627,0.09948308728757492,0.710808268654355,0.8825670537527803
ACN_Baseline,49,200,29,28,0.9655172413793104,0.3410590863723436,0.22633554380793114,60,0.6669960101423974,0.10080516974138042,0.6847222662513848,0.8256277134664289
ACN_Baseline,50,200,28,27,0.9642857142857143,0.39640348229312766,0.240267503953175,65,0.5837994149824347,0.11009431834540609,0.7060336483856496,0.8474004895415336
ACN_Baseline,51,200,28,25,0.8928571428571429,0.4083350671587063,0.2363270645178388,75,0.6186353954621383,0.0989152058728611,0.7326724742755786,0.7933613154193664
ACN_Baseline,52,200,27,26,0.9629629629629629,0.39553204591432267,0.22708697104081785,70,0.66297806928837,0.1043563112335745,0.73288986245688,0.8349008679181695
ACN_Baseline,53,200,27,25,0.9259259259259259,0.23421235999879012,0.23638213611981368,75,0.6841087795804311,0.12990684969553362,0.7075718947580262,0.8166270989008724
ACN_Baseline,54,200,28,28,1.0,0.39805661037773077,0.23976698311982286,60,0.669557761695044,0.08356758128095819,0.6931571633429112,0.8647497310546923
ACN_Baseline,55,200,28,25,0.8928571428571429,0.49312156818106573,0.2843553343851093,75,0.6939033246962477,0.10613187714956451,0.6924095084866605,0.866088502757997
ACN_Baseline,56,200,27,24,0.8888888888888888,0.445540339864375,0.26832734244381573,80,0.6626836756353958,0.11110396588048702,0.7122425726252337,0.8515015498760863
ACN_Baseline,57,200,29,27,0.9310344827586207,0.49213032857321926,0.26124956179312,65,0.6752989419907963,0.10870557374454437,0.7040725898511077,0.8299543851828913
ACN_Baseline,58,200,30,29,0.9666666666666667,0.47096593286475347,0.257855789026213,55,0.6516687594315411,0.11192231628888237,0.703019541082705,0.7918151116033206
ACN_Baseline,59,200,28,24,0.8571428571428571,0.4128944567945826,0.2661376355581943,80,0.6829858731608243,0.08302206591152353,0.7151378112947265,0.8223149130311446
ACN_Baseline,60,200,29,27,0.9310344827586207,0.4182518068100598,0.2335278926468285,65,0.6265292382783243,0.08930552635978613,0.7039261052288844,0.8405067147404278
ACN_Baseline,61,200,29,27,0.9310344827586207,0.2934731365075455,0.26010262500009834,65,0.6478904285364495,0.10405542502664439,0.7038576722102381,0.8352044484717932
ACN_Baseline,62,200,28,27,0.9642857142857143,0.45277894912150957,0.24756623391261914,65,0.6439082834179124,0.09710153204823745,0.6712382686219822,0.8078957113028385
ACN_Baseline,63,200,29,26,0.896551724137931,0.36550343400164864,0.2637183126140093,70,0.6986275679308174,0.11217871397312933,0.722738105621589,0.8435180950909744
ACN_Baseline,64,200,29,24,0.8275862068965517,0.2675875638448773,0.23377640286664375,80,0.5963083426931849,0.08624684707505492,0.6586502452715471,0.8198593982191476
ACN_Baseline,65,200,28,25,0.8928571428571429,0.3145589914517529,0.21896118143974636,75,0.6716719983280794,0.09111236639749722,0.6953111342148873,0.852477499870774
ACN_Baseline,66,200,26,25,0.9615384615384616,0.6574178379664705,0.23412716865962335,75,0.6997185743364835,0.08929303577603857,0.6963800800945634,0.8689533082061843
ACN_Baseline,67,200,29,27,0.9310344827586207,0.4225555812114559,0.23032937994108377,65,0.622288255514352,0.08914381196240782,0.6869210955101801,0.7990536885032369
ACN_Baseline,68,200,28,25,0.8928571428571429,0.30813344136787824,0.23881754783867346,75,0.6410461975229619,0.08855582706683351,0.7053100851091435,0.8080686959195487
ACN_Baseline,69,200,27,24,0.8888888888888888,0.5533041021695779,0.2402553693492253,80,0.6377435065959983,0.10626854349112952,0.6688433860478473,0.8250019680164463
ACN_Baseline,70,200,30,30,1.0,0.5832163949153317,0.2429631158829766,50,0.6589649701057436,0.09722636449000217,0.7140139286831272,0.8276762316939262
ACN_Baseline,71,200,30,29,0.9666666666666667,0.3652252808292676,0.237826657769228,55,0.6735837200363792,0.10820313570737865,0.7421265399059995,0.8294704621105254
ACN_Baseline,72,200,30,26,0.8666666666666667,0.8676775058078046,0.27373454099226213,70,0.6301016183484694,0.09730148191210311,0.6990361569640471,0.874649846557695
ACN_Baseline,73,200,29,28,0.9655172413793104,0.43869338748200687,0.230837126146687,60,0.640082566356027,0.08687784568673172,0.7091442951916495,0.7863758442776775
ACN_Baseline,74,200,28,22,0.7857142857142857,0.5412486305121016,0.2659208541896533,90,0.6504412139537694,0.09053120054594654,0.6922212214169868,0.8218861414303958
ACN_Baseline,75,200,28,26,0.9285714285714286,0.4562733268391137,0.2517517269647873,70,0.6471370517707249,0.10637530759198313,0.7114657453498496,0.8428890119935235
ACN_Baseline,76,200,29,25,0.8620689655172413,0.5153003853235237,0.26326799878422,75,0.6469625475820553,0.09569152513400701,0.6667660789520737,0.8466572375352259
ACN_Baseline,77,200,28,25,0.8928571428571429,0.36582448999935435,0.22553584858223075,75,0.6403006487789372,0.11449781169912403,0.6827898718010308,0.7755194695374956
ACN_Baseline,78,200,28,27,0.9642857142857143,0.3379333852825766,0.23611228141270493,65,0.6312007496481615,0.0922728546854945,0.7070639100621817,0.8531602330132825
ACN_Baseline,79,200,29,24,0.8275862068965517,0.4963156086584356,0.23797917483025793,80,0.6026304533670997,0.09536617308930462,0.7065503545539135,0.8456332742398345
ACN_Baseline,80,200,28,25,0.8928571428571429,0.2682978014599817,0.23932646316468867,75,0.6924043155334222,0.09910999668728071,0.6740048640031432,0.8812945960883113
ACN_Baseline,81,200,30,30,1.0,0.3807787429660565,0.2391207411089561,50,0.6665385023000102,0.10377922623163993,0.7096652650740586,0.8210674367371961
ACN_Baseline,82,200,28,27,0.9642857142857143,0.33453528752542067,0.2211761281229739,65,0.7099449541241456,0.0961464641098273,0.7312251450683301,0.8557259835602625
ACN_Baseline,83,200,30,26,0.8666666666666667,0.37764711811341667,0.22920440249665747,70,0.6362278252344733,0.1018300687414567,0.7014464196878714,0.7707788490508796
ACN_Baseline,84,200,28,21,0.75,0.2692256593063612,0.24331406583169382,95,0.6756142182348039,0.09299160808790176,0.7013137946250584,0.8896724618901235
ACN_Baseline,85,200,28,24,0.8571428571428571,0.46908635879059113,0.2348269610293943,80,0.6410072324894895,0.097103565721848,0.6960491792501367,0.8082372327543472
ACN_Baseline,86,200,30,28,0.9333333333333333,0.39516859992498055,0.22728486311199136,60,0.6450656125135379,0.09873467689328407,0.7187250562219677,0.7565396555681471
ACN_Baseline,87,200,30,25,0.8333333333333334,0.3062431039274607,0.2520147157695294,75,0.6540467435863404,0.09836883107653628,0.7015366949526789,0.845481898390096
ACN_Baseline,88,200,28,25,0.8928571428571429,0.4018043282382621,0.22839214179770675,75,0.6768245246667149,0.09671054915963262,0.7114987383904303,0.8681742812625554
ACN_Baseline,89,200,29,28,0.9655172413793104,0.40156804068429297,0.22897730699602387,60,0.6749733576922442,0.09895290336774223,0.7379066029009923,0.8065697253775661
ACN_Baseline,90,200,28,26,0.9285714285714286,0.42362664317219595,0.24804173896816822,70,0.6613227019769332,0.1176149097474852,0.7185081524467718,0.88634288978083
ACN_Baseline,91,200,27,23,0.8518518518518519,0.23347508652324475,0.2586241892704846,85,0.697767398546668,0.0963254188235595,0.6823660731083763,0.8212768226156749
ACN_Baseline,92,200,28,25,0.8928571428571429,0.46973251602127586,0.24768309040738068,75,0.6474519897733859,0.09354401997930913,0.6726700381643326,0.9035057810016235
ACN_Baseline,93,200,31,28,0.9032258064516129,0.44847052244509383,0.2573268916298253,60,0.649612743783736,0.11184547384434206,0.6894941395346101,0.8178020263275497
ACN_Baseline,94,200,28,25,0.8928571428571429,0.3588693561766808,0.2445567355113965,75,0.6300173167261848,0.09945511372757629,0.6938353918690872,0.8685692855595725
ACN_Baseline,95,200,27,26,0.9629629629629629,0.28980660798854946,0.23850571203172907,70,0.6540294558130609,0.09117030099958347,0.6959144219890698,0.8682130006728104
ACN_Baseline,96,200,29,25,0.8620689655172413,0.31782295598334964,0.22778250544114464,75,0.6866125010070709,0.11553113820425503,0.7306120418004787,0.8782111764653464
ACN_Baseline,97,200,29,25,0.8620689655172413,0.19929277977626816,0.23024577686759345,75,0.6868777077837382,0.10280858706958618,0.7340730107684595,0.893791115141132
ACN_Baseline,98,200,29,26,0.896551724137931,0.6029036699761027,0.22559300247548095,70,0.6377939183426923,0.09227324744174785,0.7000083488494149,0.8461894386033112
ACN_Baseline,99,200,28,25,0.8928571428571429,0.42668617582248775,0.22759641309227863,75,0.6603392291438935,0.10226361227047652,0.7284436974649814,0.8671271853138133
ACN_Baseline,100,200,30,29,0.9666666666666667,0.3963851860232516,0.22355559000185912,55,0.6553938103420746,0.1087588664517793,0.6978513397271995,0.7905108328858194
ACN_Baseline,101,200,30,27,0.9,0.3519108503918138,0.2625039441705938,65,0.6516514837594364,0.09540867990918775,0.7085824300246079,0.7676092906298313
ACN_Baseline,102,200,29,24,0.8275862068965517,0.3277849603427905,0.25310411634875224,80,0.6551470601756562,0.08630494555470807,0.7019561987427778,0.8656758952380569
ACN_Baseline,103,200,29,26,0.896551724137931,0.3135571275329074,0.25909047786746925,70,0.6533374996738498,0.11125648678192429,0.7289641945661939,0.857011842670101
ACN_Baseline,104,200,29,24,0.8275862068965517,0.2983291833868831,0.23056049754013752,80,0.673392982107539,0.10678593170018243,0.7338559091717133,0.8558796836692388
ACN_Baseline,105,200,27,26,0.9629629629629629,0.2966681764869049,0.2533055834746515,70,0.6923789830307743,0.0943565409977156,0.7097494251538707,0.8341730565334289
ACN_Baseline,106,200,30,28,0.9333333333333333,0.36773027705454714,0.24178648973010197,60,0.636464847240074,0.09625562167503195,0.7020101580596394,0.8098723291153455
ACN_Baseline,107,200,28,25,0.8928571428571429,0.47188585184718174,0.24032291036769185,75,0.6827907530191656,0.10646683185778148,0.724861029959395,0.8497288283888412
ACN_Baseline,108,200,29,25,0.8620689655172413,0.3992486861614757,0.23522504443992515,75,0.6978995710260172,0.10308423297298078,0.7061757059960992,0.8688039018984061
ACN_Baseline,109,200,29,27,0.9310344827586207,0.4121426925589526,0.2367224795481056,65,0.6564513116627012,0.08454762640001627,0.6933806191789613,0.8327910291717626
ACN_Baseline,110,200,26,24,0.9230769230769231,0.3663317162836164,0.25564284256387826,80,0.6591861211671718,0.09413586218979507,0.7308805241902152,0.8323850623240617
ACN_Baseline,111,200,28,24,0.8571428571428571,0.3731599805646675,0.24004208091742543,80,0.6830007675650523,0.10791056761439712,0.7207525048486463,0.8040790843722654
ACN_Baseline,112,200,28,26,0.9285714285714286,0.2559020866530703,0.2655495258417558,70,0.6570773540010764,0.09522567088922036,0.7172938291222231,0.8538801967494569
ACN_Baseline,113,200,28,21,0.75,0.26481102620752045,0.2477143927532786,95,0.620319165557715,0.09908582880148083,0.7310509901422345,0.8379046368100637
ACN_Baseline,114,200,30,26,0.8666666666666667,0.4160987236499014,0.23815966518776369,70,0.6177033885003202,0.10125701903065322,0.6815738177907917,0.8251215267588384
ACN_Baseline,115,200,27,24,0.8888888888888888,0.3346000244430839,0.24550837419207855,80,0.6492556954763319,0.10004431266722993,0.6950934851658823,0.8465432470693929
ACN_Baseline,116,200,30,29,0.9666666666666667,0.2712159889752245,0.22699586930703244,55,0.6514928539516928,0.10918435811977852,0.7012707101754007,0.833434496455135
ACN_Baseline,117,200,28,25,0.8928571428571429,0.21230260753397087,0.24771331742431324,75,0.6358920037541339,0.10134686494103996,0.7234589746826922,0.8657434644222382
ACN_Baseline,118,200,29,25,0.8620689655172413,0.3035327248036909,0.2385899547981466,75,0.6611978913768525,0.10110544264251772,0.7082441166671147,0.7803751308755024
ACN_Baseline,119,200,27,24,0.8888888888888888,0.3518486217703136,0.24159325261993708,80,0.6968489054307665,0.10978318093674284,0.7385176445618685,0.9320884011630781
ACN_Baseline,120,200,27,27,1.0,0.36746403622285084,0.24387026363007558,65,0.6774507517473587,0.10024800635640754,0.7065964677254966,0.834384030670259
ACN_Optimized_B1,1,200,32,32,1.0,0.3576210463897381,0.19873378881088852,40,0.6522238680010145,0.10584843218451956,0.7097290331975956,0.8947863627567485
ACN_Optimized_B1,2,200,32,32,1.0,0.47964693785923085,0.19369353418610527,40,0.659075955679979,0.08699544026540346,0.7099639021103392,0.8143242375381314
ACN_Optimized_B1,3,200,31,31,1.0,0.4240770823521876,0.21560567942386236,45,0.6601920017854809,0.09914073305821934,0.7109426642337564,0.8976618648398121
ACN_Optimized_B1,4,200,31,31,1.0,0.4134890235257465,0.18229736582373193,45,0.678796315528992,0.10280512942621617,0.719763872351203,0.842964754346427
ACN_Optimized_B1,5,200,34,32,0.9411764705882353,0.3283702501490736,0.1867044013121234,40,0.6416289375984521,0.10359146173191251,0.7311291781626439,0.828610366833652
ACN_Optimized_B1,6,200,32,30,0.9375,0.31755522129170155,0.1736143793686991,50,0.6434659385342797,0.09575591023798263,0.7006109814139378,0.7844600913776816
ACN_Optimized_B1,7,200,32,32,1.0,0.3075032516783138,0.17561632205086025,40,0.652945901890926,0.09602838917551923,0.713061694746419,0.8795615222274185
ACN_Optimized_B1,8,200,33,31,0.9393939393939394,0.6392714349534501,0.1828202757426625,45,0.6569234072966619,0.10323130059825252,0.697777416391696,0.8497633281183248
ACN_Optimized_B1,9,200,30,30,1.0,0.6138969107759733,0.18925789749752753,50,0.6828914540362955,0.10714711854931895,0.7231399815310336,0.8709210543904772
ACN_Optimized_B1,10,200,29,28,0.9655172413793104,0.6511342799632709,0.18824428233918972,60,0.6682802463100691,0.09836997562001287,0.7085470024981957,0.8636221363829325
ACN_Optimized_B1,11,200,29,29,1.0,0.4211772527224571,0.1829577740919859,55,0.6803684743859083,0.09422334933568452,0.7229754944825243,0.8706731421825091
ACN_Optimized_B1,12,200,33,33,1.0,0.2948854532449434,0.1760721902857264,35,0.6495067211147756,0.08778121130981546,0.6860185182170023,0.8762772231376914
ACN_Optimized_B1,13,200,32,31,0.96875,0.6638743804359949,0.20570307665027207,45,0.6654142258216703,0.10789889317729937,0.6946276936962895,0.905992795884145
ACN_Optimized_B1,14,200,34,34,1.0,0.3066381463150609,0.20837672221975795,30,0.6449145277252406,0.1020169368054271,0.7241818529528569,0.9526645046463543
ACN_Optimized_B1,15,200,32,32,1.0,0.37892255636711264,0.18278638130393474,40,0.6630699790692939,0.10090862064047995,0.6902150869622796,0.873713962480646
ACN_Optimized_B1,16,200,32,32,1.0,0.5664846322133477,0.18638960909406002,40,0.6408955669410611,0.0929487465272615,0.6899120969354422,0.7994404050013687
ACN_Optimized_B1,17,200,31,30,0.967741935483871,0.404043720648963,0.18079248207536913,50,0.6460471225246242,0.11959573772084581,0.737106510243378,0.8737712767684631
ACN_Optimized_B1,18,200,33,32,0.9696969696969697,0.3504463331743213,0.17499232618316302,40,0.6844897092570725,0.10880106837349098,0.7012109605248834,0.86031214754349
ACN_Optimized_B1,19,200,31,29,0.9354838709677419,0.4447565024517528,0.2028491196933225,55,0.6657638092120843,0.0968868245563539,0.7060861096336775,0.8354065118304377
ACN_Optimized_B1,20,200,31,29,0.9354838709677419,0.43209020490616923,0.19700651650999162,55,0.6294050338238485,0.0941328826530044,0.699448690136322,0.896475078646812
ACN_Optimized_B1,21,200,33,32,0.9696969696969697,0.6450485428885921,0.2015859856194821,40,0.6890471932859684,0.10196961219659652,0.7009893689891175,0.8789117510105039
ACN_Optimized_B1,22,200,33,31,0.9393939393939394,0.3353132986382257,0.17723758267785636,45,0.6560065537105508,0.10218644942494473,0.6782889204253104,0.8765781294353258
ACN_Optimized_B1,23,200,31,30,0.967741935483871,0.3585183375729313,0.19551961322887498,50,0.6897128735073904,0.10269581406904961,0.7329082773564435,0.8358707411114938
ACN_Optimized_B1,24,200,34,34,1.0,0.3609160285322158,0.18887424392203153,30,0.6629796440016118,0.10945839580467236,0.7265920670641103,0.8626243237253636
ACN_Optimized_B1,25,200,31,31,1.0,0.5731742542585299,0.19098869323662812,45,0.6562504077099189,0.1005279188539207,0.7161174238218359,0.8213294976993134
ACN_Optimized_B1,26,200,33,32,0.9696969696969697,0.5780448564183372,0.1895476408939087,40,0.650820019556268,0.08190078431559855,0.6970524079168301,0.8919509628143935
ACN_Optimized_B1,27,200,32,32,1.0,0.3686668757223668,0.19812912939456767,40,0.6624130046329262,0.11268461655416692,0.7167526187271265,0.8651494479496014
ACN_Optimized_B1,28,200,33,33,1.0,0.5052040458572885,0.18732338010051064,35,0.6658620337917281,0.11326660596235773,0.7035911440242214,0.8351774601980515
ACN_Optimized_B1,29,200,34,33,0.9705882352941176,0.4960392512415409,0.18892655640382525,35,0.6970884428056842,0.1008925029028706,0.7094361355770955,0.9143850053096346
ACN_Optimized_B1,30,200,33,33,1.0,0.37084088484040295,0.21319148258880394,35,0.7157259811466263,0.09244422132834891,0.7482531772456016,0.8430546534719071
ACN_Optimized_B1,31,200,30,29,0.9666666666666667,0.38500644652429084,0.18022145698294095,55,0.662685124805565,0.09570279373627637,0.7164260814541927,0.9248269444163011
ACN_Optimized_B1,32,200,33,33,1.0,0.5880434614258803,0.18122585578820008,35,0.6871078097628981,0.10185232629043785,0.7204553810133419,0.8591309660961366
ACN_Optimized_B1,33,200,31,31,1.0,0.3829892511535025,0.17260657550846936,45,0.6429784763714013,0.09169587613229424,0.7170500399298847,0.8498464815626472
ACN_Optimized_B1,34,200,34,32,0.9411764705882353,0.4500542157534705,0.20066461367688682,40,0.6504290974632817,0.10256608646892212,0.6892744877223493,0.8874852419798921
ACN_Optimized_B1,35,200,32,30,0.9375,0.5223319199701341,0.1831875283419616,50,0.6510854739563922,0.10300484109168256,0.7303566208842445,0.8981138598873338
ACN_Optimized_B1,36,200,32,32,1.0,0.540402186209108,0.17995746838507884,40,0.6684824342810618,0.09477193363020947,0.7199486999837963,0.9044002902368227
ACN_Optimized_B1,37,200,32,32,1.0,0.41677000313376356,0.19017559918542631,40,0.6452237819847656,0.10229835229146117,0.6915659962102233,0.8335333797561163
ACN_Optimized_B1,38,200,31,31,1.0,0.2656968169897217,0.20294630952652157,45,0.6442118541803845,0.10300013139453013,0.7070892339292926,0.8071261225305013
ACN_Optimized_B1,39,200,32,32,1.0,0.3637352200658114,0.1951285917140101,40,0.6788024697139919,0.10300923363062929,0.6893083291792218,0.8700269401555429
ACN_Optimized_B1,40,200,31,31,1.0,0.3279553199622859,0.18107087754781886,45,0.6631757420847477,0.10070729801748225,0.6939261078699143,0.8624781479833299
ACN_Optimized_B1,41,200,32,31,0.96875,0.3582632298306616,0.2071293507938963,45,0.6513737408612458,0.10709395208688519,0.7237720576189378,0.8776949131780328
ACN_Optimized_B1,42,200,31,29,0.9354838709677419,0.4004051653033272,0.17830324475844317,55,0.6663805695655979,0.10917259219701181,0.6973251687238959,0.8783416185096264
ACN_Optimized_B1,43,200,33,33,1.0,0.27599151865703025,0.18520337305404536,35,0.6659711178617922,0.09656856162555835,0.7112827763946342,0.8337541136653159
ACN_Optimized_B1,44,200,32,32,1.0,0.22857674574879916,0.18162371863796054,40,0.6643019528293196,0.08933776678843763,0.7124157089107102,0.7936716073976338
ACN_Optimized_B1,45,200,33,32,0.9696969696969697,0.22443942965363056,0.16917404539517739,40,0.6285115670830133,0.09380101069362226,0.688767218398922,0.9257440599976215
ACN_Optimized_B1,46,200,33,33,1.0,0.455035131033668,0.20006379495195617,35,0.6475229694562639,0.10753177559866084,0.694575056051952,0.810379972121295
ACN_Optimized_B1,47,200,33,32,0.9696969696969697,0.22613930808700478,0.19439990930579434,40,0.6713629348335559,0.11331870556822357,0.7198896527130045,0.8127074632749388
ACN_Optimized_B1,48,200,34,34,1.0,0.28169209018482966,0.18019588693360183,30,0.6705470256222522,0.08982932967467681,0.7157216724426355,0.8562810783524286
ACN_Optimized_B1,49,200,31,30,0.967741935483871,0.46337446113257735,0.2002608941351196,50,0.6882296806025047,0.10300756490931338,0.7016541177768783,0.8564843053703343
ACN_Optimized_B1,50,200,28,27,0.9642857142857143,0.3814635440921714,0.20990480792882155,65,0.6452369611097019,0.09151664029110032,0.7141016047212627,0.9167632354978001
ACN_Optimized_B1,51,200,32,32,1.0,0.36400333080684094,0.18925528694547844,40,0.6530308200291212,0.10254686918775914,0.6921774088354598,0.7840125432415093
ACN_Optimized_B1,52,200,30,29,0.9666666666666667,0.34865869284165496,0.1699097664117511,55,0.6964198690502906,0.11064722703699513,0.7114003953853223,0.9389536083570581
ACN_Optimized_B1,53,200,30,29,0.9666666666666667,0.3467092988148581,0.18107469004489496,55,0.6501136391396215,0.1086940398034941,0.6800180771025224,0.8376727854998607
ACN_Optimized_B1,54,200,31,31,1.0,0.6373575416577145,0.1772694540226601,45,0.6363632929057493,0.09994354135332392,0.697121638539315,0.9204997362915593
ACN_Optimized_B1,55,200,31,30,0.967741935483871,0.43642913769912195,0.18601457120180348,50,0.6510049574335289,0.09637821107741835,0.6919694394408412,0.7627938052170378
ACN_Optimized_B1,56,200,31,31,1.0,0.24405494214417708,0.17424610473711652,45,0.683510534185058,0.08767841620883121,0.7087110731783198,0.8863261586744328
ACN_Optimized_B1,57,200,33,32,0.9696969696969697,0.46248716814988605,0.18305231251913653,40,0.6207929729627619,0.09093982746000867,0.6930920705543402,0.8913200765165709
ACN_Optimized_B1,58,200,33,33,1.0,0.6536683155166095,0.1835486250884374,35,0.6852343753305457,0.10671304391673328,0.6981659988220212,0.9108312273146165
ACN_Optimized_B1,59,200,33,33,1.0,0.3389689422326637,0.18901829791124938,35,0.6997943840695613,0.09384908002892332,0.689113333695572,0.904463077782527
ACN_Optimized_B1,60,200,32,30,0.9375,0.5337704858017276,0.18435668800246358,50,0.6649006076064631,0.10442353647929878,0.6885578972627184,0.8559753313683671
ACN_Optimized_B1,61,200,30,28,0.9333333333333333,0.32672321435940016,0.18123598740108585,60,0.6370276414107299,0.08762626341403007,0.706851135307652,0.836013125807378
ACN_Optimized_B1,62,200,33,32,0.9696969696969697,0.6660176144621444,0.2006631830864169,40,0.6634804166710788,0.10624729454021696,0.7009989440313731,0.8307048253863623
ACN_Optimized_B1,63,200,31,31,1.0,0.36218438806654757,0.18161999774536786,45,0.6321254760632471,0.10282440563652913,0.7132992469649095,0.8267016674565942
ACN_Optimized_B1,64,200,32,32,1.0,0.33437816693200223,0.17189411685462958,40,0.6769712941380284,0.10303411236497184,0.7161656829926626,0.8846712728945704
ACN_Optimized_B1,65,200,31,30,0.967741935483871,0.30658019838717104,0.18490097194273195,50,0.6299261847696791,0.10033607907435677,0.7180145448539387,0.9004862616531986
ACN_Optimized_B1,66,200,32,32,1.0,0.4690908314048023,0.18912955893921962,40,0.6634669091921407,0.10714209208299498,0.7116381829782927,0.8131273309748079
ACN_Optimized_B1,67,200,31,29,0.9354838709677419,0.43724246392244503,0.18881929693580274,55,0.6347805718367766,0.09774850437438433,0.6948322927649014,0.9393246225179401
ACN_Optimized_B1,68,200,33,33,1.0,0.4649955999405966,0.1926836389257333,35,0.6727323211059897,0.10728579138416078,0.7290618670734927,0.9051829564505655
ACN_Optimized_B1,69,200,30,29,0.9666666666666667,0.34357629784730426,0.19745653064536714,55,0.6826585449181323,0.08591547326641893,0.6823483005571934,0.8758836534052851
ACN_Optimized_B1,70,200,33,33,1.0,0.2893891007984726,0.17048914732823972,35,0.6534336709121549,0.10711506439351576,0.7093119192728597,0.968067365985715
ACN_Optimized_B1,71,200,32,31,0.96875,0.2677814665669254,0.2001810516247082,45,0.6561678941123307,0.10088592391937147,0.7125559387312939,0.8414525237740945
ACN_Optimized_B1,72,200,32,32,1.0,0.3179487742337011,0.1961058943253412,40,0.618987918315458,0.10916014323174075,0.7194559337036087,0.9244012237677671
ACN_Optimized_B1,73,200,33,33,1.0,0.3970924143153864,0.1891746688089666,35,0.6835825838642623,0.10435901534698991,0.7023045647149347,0.8951029902590382
ACN_Optimized_B1,74,200,30,28,0.9333333333333333,0.3875141951371933,0.22184131157950301,60,0.6206243445780198,0.11512554665075707,0.7365670283597148,0.8064503966356238
ACN_Optimized_B1,75,200,33,33,1.0,0.5161137363413023,0.19156594943882901,35,0.653098908148143,0.11412022869505134,0.7207224907473352,0.8939722448173678
ACN_Optimized_B1,76,200,31,31,1.0,0.4003676847995512,0.18835204158381946,45,0.6841199894928482,0.10744018884582641,0.7067866173379479,0.849524892657356
ACN_Optimized_B1,77,200,31,31,1.0,0.6845121538090266,0.18376562627998325,45,0.6592612617198785,0.10165739210948506,0.7220030173482571,0.9059772319648783
ACN_Optimized_B1,78,200,32,31,0.96875,0.455067695649272,0.20468951814708225,45,0.6608767792212199,0.09632975410189307,0.6967563336837688,0.8318662168660103
ACN_Optimized_B1,79,200,32,32,1.0,0.2777713101412179,0.1995835512203383,40,0.6418892107803812,0.109443812891307,0.7182997736553347,0.8434454574013024
ACN_Optimized_B1,80,200,34,34,1.0,0.4948464662662632,0.19009203734900743,30,0.6403476832726004,0.09734882658057291,0.6930321631186952,0.8235077816934867
ACN_Optimized_B1,81,200,31,31,1.0,0.2576693853881172,0.1739728214585499,45,0.6843899726626002,0.11078979793906939,0.7006644599530004,0.8913064918150237
ACN_Optimized_B1,82,200,32,32,1.0,0.5609165159866687,0.2098309755953329,40,0.6705520663900032,0.09809368117838659,0.7169393590124449,0.8629386967629368
ACN_Optimized_B1,83,200,32,32,1.0,0.43701871746473697,0.17471411991549593,40,0.6486173700030488,0.1110803725921877,0.7156688013880532,0.8951846396787916
ACN_Optimized_B1,84,200,31,29,0.9354838709677419,0.4931377698893394,0.1890572059854736,55,0.6506651284234748,0.10048148537389952,0.7565290018272253,0.8280641258517741
ACN_Optimized_B1,85,200,32,31,0.96875,0.505097180077968,0.1841364717269589,45,0.6621481561942749,0.10532671979694486,0.7223416897164181,0.821295445263702
ACN_Optimized_B1,86,200,32,32,1.0,0.3948238262615056,0.18008867611995616,40,0.6658699501814805,0.09820275742741139,0.6871898365477384,0.8735376055971916
ACN_Optimized_B1,87,200,31,30,0.967741935483871,0.18196243983810367,0.1827870802501925,50,0.6733911708787996,0.08947953338828657,0.7138068676387741,0.9069705799885995
ACN_Optimized_B1,88,200,32,32,1.0,0.3194406313091435,0.17180349915265114,40,0.6270646149558887,0.09077877536456756,0.6894703862213865,0.8479426353178576
ACN_Optimized_B1,89,200,33,33,1.0,0.5103546073384393,0.16951595482075102,35,0.646535904238644,0.10651421587094387,0.7335714889612875,0.8531781317490773
ACN_Optimized_B1,90,200,32,32,1.0,0.5571215008543278,0.19807498732936848,40,0.6703053391584,0.0983822943931445,0.7077488039292387,0.8338204012696524
ACN_Optimized_B1,91,200,33,32,0.9696969696969697,0.39131017385011135,0.19345313336231781,40,0.639842029540034,0.09587101337265481,0.7060392127642852,0.8959820875950749
ACN_Optimized_B1,92,200,30,30,1.0,0.42726554758728036,0.1869211800164675,50,0.6608384199883253,0.10513032692160293,0.7097270870864937,0.8802062030037586
ACN_Optimized_B1,93,200,31,30,0.967741935483871,0.41379086066374976,0.17142516502432628,50,0.6437857867242158,0.10444660745578913,0.7236329425797935,0.8960945754005024
ACN_Optimized_B1,94,200,33,33,1.0,0.6696158507695501,0.2069698561706761,35,0.7079043476644636,0.09217419124923679,0.7128316150517553,0.9179488329653043
ACN_Optimized_B1,95,200,33,32,0.9696969696969697,0.45384377325739594,0.18200600097932648,40,0.637280054155441,0.10699253096520377,0.721132082516125,0.8607330748988421
ACN_Optimized_B1,96,200,31,30,0.967741935483871,0.39671279072142684,0.17484645819502592,50,0.6670496908320382,0.09273327073880573,0.6752984934797297,0.8877441294318149
ACN_Optimized_B1,97,200,32,31,0.96875,0.7071173974267746,0.17338882201224806,45,0.6928005946072708,0.09828819024789837,0.7106518848871336,0.9110763977498388
ACN_Optimized_B1,98,200,33,33,1.0,0.42821101225512637,0.20085526738288817,35,0.6561516691332006,0.10120576874656992,0.731733642482831,0.8576045483329512
ACN_Optimized_B1,99,200,31,31,1.0,0.5683875450261028,0.19243683434210593,45,0.6804755897379204,0.1093960715671877,0.714800029864731,0.8724183962321244
ACN_Optimized_B1,100,200,32,30,0.9375,0.4345890426412593,0.20161242292291823,50,0.6288039927373787,0.10573553489122568,0.7111686335819167,0.844138039167775
ACN_Optimized_B1,101,200,31,30,0.967741935483871,0.3873681847336027,0.18972710949616137,50,0.6809466646142532,0.08464042646593735,0.6971822581589712,0.888769783651687
ACN_Optimized_B1,102,200,34,31,0.9117647058823529,0.3842950450913966,0.18256386344580494,45,0.6725321970503556,0.10370824755873417,0.7132726679541243,0.9019027459932772
ACN_Optimized_B1,103,200,32,32,1.0,0.5093476243355277,0.19370513136829057,40,0.6473526706755323,0.10098682121604338,0.7071617564446124,0.8872807533003187
ACN_Optimized_B1,104,200,32,32,1.0,0.3722073814915202,0.19014835691711354,40,0.6463428215263206,0.09416380267248754,0.7044701620473982,0.8884032826255212
ACN_Optimized_B1,105,200,32,31,0.96875,0.44472816669793347,0.1891397252369623,45,0.6871205553946468,0.09735483136071654,0.6839952686926956,0.8899426579440387
ACN_Optimized_B1,106,200,32,32,1.0,0.241278794210962,0.21418289842019686,40,0.6536792239283132,0.09452350842141607,0.7070842597212272,0.8186358256124809
ACN_Optimized_B1,107,200,34,33,0.9705882352941176,0.3159360687094057,0.19371046300206488,35,0.6580115121480257,0.10066031988336067,0.7112429166721999,0.8490756262893817
ACN_Optimized_B1,108,200,32,32,1.0,0.449555064658714,0.21059387861401543,40,0.6637695097034597,0.11390086969408955,0.7006549011750889,0.9040645209473434
ACN_Optimized_B1,109,200,31,29,0.9354838709677419,0.5893050161025,0.19792327622761638,55,0.66492141390112,0.10154267078768242,0.7075507724604605,0.8815855044855647
ACN_Optimized_B1,110,200,31,30,0.967741935483871,0.4418419913519198,0.17823760540860983,50,0.6478224500668779,0.1011097412559388,0.6916075868011485,0.8789505599058028
ACN_Optimized_B1,111,200,33,30,0.9090909090909091,0.34738217859535825,0.17258483174061606,50,0.6429198889688801,0.1012090539462185,0.7116737369848445,0.8276119930249334
ACN_Optimized_B1,112,200,31,31,1.0,0.3754899395332246,0.19876727280591266,45,0.6706767894961602,0.09280045144650187,0.7108184594945616,0.856325593500076
ACN_Optimized_B1,113,200,32,32,1.0,0.420779614394151,0.1900479570407367,40,0.6824525865612769,0.09659556113922262,0.6740109031561485,0.919681452858434
ACN_Optimized_B1,114,200,32,32,1.0,0.544031268991337,0.17871848236610446,40,0.6866628316127948,0.11142408399782976,0.7232063187428037,0.8571223549645303
ACN_Optimized_B1,115,200,31,31,1.0,0.350430012243696,0.1765760755623453,45,0.6505066213218407,0.10165901620528056,0.6894195720498819,0.8685124142918105
ACN_Optimized_B1,116,200,33,33,1.0,0.3459122705208264,0.18697438045084375,35,0.6801613472906535,0.10068746091112073,0.6934642101240733,0.8509086304231906
ACN_Optimized_B1,117,200,31,31,1.0,0.3081058382011346,0.19717541396770927,45,0.6728145194293773,0.0956491633889681,0.7017850699271947,0.8523617740990028
ACN_Optimized_B1,118,200,31,30,0.967741935483871,0.717216953192952,0.18884207133116018,50,0.6852277806304343,0.11564737334400796,0.7115825929646457,0.8457574468940185
ACN_Optimized_B1,119,200,31,31,1.0,0.22541313847965644,0.17874949319435757,45,0.631565349109922,0.09454933672019959,0.6695132464633896,0.8325160164170166
ACN_Optimized_B1,120,200,32,31,0.96875,0.4846821745542136,0.18647555007914735,45,0.6200885926819316,0.08283991218431848,0.7045380145035216,0.9116342564403845
ACN_LMS_Outage_Fallback,1,200,30,18,0.6,0.9865433444369849,0.27999630601440767,110,0.6808482683600587,0.0942392804712777,0.6947983800718941,0.7626542761400377
ACN_LMS_Outage_Fallback,2,200,28,18,0.6428571428571429,0.5571205158027317,0.2856137088600863,110,0.662828260776324,0.09035419720460955,0.7180403408227275,0.7738974213349785
ACN_LMS_Outage_Fallback,3,200,27,21,0.7777777777777778,0.6227569047857249,0.3050144360282461,95,0.6385456695125459,0.09961534240094261,0.7122145371264277,0.7878646057037495
ACN_LMS_Outage_Fallback,4,200,29,20,0.6896551724137931,0.5356739920407649,0.26230527178019525,100,0.6571119820752676,0.10351477837624565,0.7077506133363137,0.8060945910189659
ACN_LMS_Outage_Fallback,5,200,29,22,0.7586206896551724,0.7196951368909876,0.2683029304376481,90,0.608757871594235,0.09804437971090528,0.7175696974502727,0.704496123428078
ACN_LMS_Outage_Fallback,6,200,30,23,0.7666666666666667,0.716850502555563,0.2897843881485165,85,0.6324677317394419,0.10898916615336093,0.7323112561616468,0.7656714521565819
ACN_LMS_Outage_Fallback,7,200,31,24,0.7741935483870968,0.6666784834915995,0.31400546114747496,80,0.6579343639992408,0.10143925123857273,0.72369310904977,0.7869691638514451
ACN_LMS_Outage_Fallback,8,200,31,26,0.8387096774193549,0.47102710801718195,0.29132047975019115,70,0.6696238901168057,0.10317722647158595,0.7308367548051413,0.7630302417346617
ACN_LMS_Outage_Fallback,9,200,27,18,0.6666666666666666,0.5223757698033709,0.28378622611515675,110,0.6404367884966455,0.11043351948010349,0.7041974224768824,0.70685646760188
ACN_LMS_Outage_Fallback,10,200,29,25,0.8620689655172413,0.6951641658224753,0.29317205041040484,75,0.7015968258485276,0.09886751148051919,0.694321689341317,0.7575303036059655
ACN_LMS_Outage_Fallback,11,200,30,20,0.6666666666666666,1.0453749023259742,0.2934907266336418,100,0.6288946237405372,0.11241519793435982,0.7053901561920536,0.7074394830900277
ACN_LMS_Outage_Fallback,12,200,29,23,0.7931034482758621,0.4584247447555571,0.24863216460185486,85,0.6347983443406846,0.09562697405397882,0.6734556080001123,0.8103080055623155
ACN_LMS_Outage_Fallback,13,200,29,22,0.7586206896551724,0.48930497639193515,0.2901819838861563,90,0.6791994814522205,0.09205681519593403,0.701067373089983,0.7272465515585322
ACN_LMS_Outage_Fallback,14,200,28,19,0.6785714285714286,0.38093240556437014,0.2904002570746562,105,0.6675925639370632,0.10318353490266449,0.704498365773446,0.71165954453976
ACN_LMS_Outage_Fallback,15,200,30,19,0.6333333333333333,0.5621868964954048,0.2807056739596009,105,0.6831334159593012,0.10390711353680067,0.6846777635468729,0.7719610131435257
ACN_LMS_Outage_Fallback,16,200,29,19,0.6551724137931034,0.6684136727536467,0.2856047836793965,105,0.6227069835600324,0.08811387170782688,0.6889949148144568,0.7458316742434072
ACN_LMS_Outage_Fallback,17,200,27,21,0.7777777777777778,0.5427901726009561,0.2874237916642402,95,0.6485038612744459,0.09570513800980983,0.6887507705150844,0.7084460749695665
ACN_LMS_Outage_Fallback,18,200,30,18,0.6,0.4485496602510193,0.27689636273294205,110,0.6880965487327403,0.08429794900181323,0.6938866663068014,0.6631606024912056
ACN_LMS_Outage_Fallback,19,200,27,21,0.7777777777777778,0.7504491801510743,0.2651206965436995,95,0.6547155058573579,0.10964166571041167,0.7094491617329143,0.7520590405126129
ACN_LMS_Outage_Fallback,20,200,29,23,0.7931034482758621,0.5255802587801482,0.27677052071138897,85,0.683467499789047,0.08429985480912569,0.667865571006312,0.742025726390594
ACN_LMS_Outage_Fallback,21,200,28,19,0.6785714285714286,0.6647009677947842,0.28198368033984617,105,0.6477697135639375,0.09744523934232521,0.7127214149739417,0.7204637914957825
ACN_LMS_Outage_Fallback,22,200,25,22,0.88,0.6182016357213107,0.260204238353756,90,0.6290068347037394,0.10442775199148643,0.7075540606283652,0.7170717135179829
ACN_LMS_Outage_Fallback,23,200,29,19,0.6551724137931034,0.5243503770959457,0.28308721769887996,105,0.6479441540210854,0.09345399392534462,0.724541440406108,0.7586789440961779
ACN_LMS_Outage_Fallback,24,200,28,23,0.8214285714285714,0.38156636178160447,0.2970024424631467,85,0.6480019730432977,0.08910856129442742,0.6930411594337434,0.7505747625357106
ACN_LMS_Outage_Fallback,25,200,27,19,0.7037037037037037,0.5635908495302776,0.287819890227343,105,0.696887505645548,0.09563636346709907,0.7066202831237318,0.7778774822614603
ACN_LMS_Outage_Fallback,26,200,29,23,0.7931034482758621,0.31259708083829246,0.2925338035827156,85,0.6665584658282325,0.09743256200296016,0.705756008627946,0.7279276695348347
ACN_LMS_Outage_Fallback,27,200,27,18,0.6666666666666666,0.5153236116595045,0.30381363615707613,110,0.6579111683555565,0.10690173336125841,0.6935285020701338,0.7417558797364514
ACN_LMS_Outage_Fallback,28,200,28,23,0.8214285714285714,0.6544994020057245,0.2710521236461014,85,0.6747206932892384,0.10458706578847803,0.7124383384873959,0.7780027140741639
ACN_LMS_Outage_Fallback,29,200,28,20,0.7142857142857143,0.4878889485278708,0.29866870857821115,100,0.6338553235078783,0.11004692719126423,0.6886885625955272,0.7576944729387272
ACN_LMS_Outage_Fallback,30,200,29,20,0.6896551724137931,0.3359653305031176,0.2961989854101359,100,0.6492229614414572,0.09548131862485187,0.7019533798638142,0.7272351926195024
ACN_LMS_Outage_Fallback,31,200,28,26,0.9285714285714286,0.35923413080576816,0.2826427971076589,70,0.6715676171276002,0.1047380196106674,0.7223983700601913,0.7543338211075294
ACN_LMS_Outage_Fallback,32,200,27,20,0.7407407407407407,0.5262751724619645,0.29902733451870445,100,0.6283339151770027,0.0772495011004813,0.6802776264678025,0.7038683856078909
ACN_LMS_Outage_Fallback,33,200,27,19,0.7037037037037037,0.4109433002931623,0.27732721922794024,105,0.6801811379845389,0.09028457009314339,0.7221388154252053,0.7449238584886149
ACN_LMS_Outage_Fallback,34,200,27,23,0.8518518518518519,0.7895752182230691,0.301481691366536,85,0.6790054319230219,0.0820203982692002,0.6756885016070521,0.7919435086431239
ACN_LMS_Outage_Fallback,35,200,27,19,0.7037037037037037,0.6695547900024433,0.38555035446417685,105,0.6729199210437582,0.09607263672672726,0.7140182523061546,0.7228468259946885
ACN_LMS_Outage_Fallback,36,200,29,17,0.5862068965517241,0.4647142524156,0.27522188606859194,115,0.6871566827038109,0.09679595735214264,0.7242830848047004,0.8158350175022544
ACN_LMS_Outage_Fallback,37,200,29,24,0.8275862068965517,0.5723304737656649,0.2680274825570218,80,0.6543204353439362,0.1168782860392107,0.7184291405617589,0.7139141522842478
ACN_LMS_Outage_Fallback,38,200,28,20,0.7142857142857143,0.5538479434277888,0.2770968042183024,100,0.658291994919989,0.09961294176982326,0.6832748234141952,0.7440364108086135
ACN_LMS_Outage_Fallback,39,200,28,25,0.8928571428571429,0.4125000068924031,0.2837552849537543,75,0.6114915737855272,0.0979526995083577,0.7048526022681669,0.6937599835264057
ACN_LMS_Outage_Fallback,40,200,26,19,0.7307692307692307,0.5237047470092726,0.2661996763119834,105,0.6472797958910828,0.10784674470296395,0.7089087798734032,0.7473017961085866
ACN_LMS_Outage_Fallback,41,200,29,23,0.7931034482758621,0.5231965299519248,0.2865729078534838,85,0.6818939812434257,0.10415968691332919,0.7091984529865452,0.745592602576338
ACN_LMS_Outage_Fallback,42,200,28,18,0.6428571428571429,0.5008940361463275,0.28047729486439177,110,0.6553250366184142,0.095982570956221,0.6999046889968226,0.696993820882919
ACN_LMS_Outage_Fallback,43,200,28,17,0.6071428571428571,0.4508056889376518,0.27315811482687957,115,0.6462460431734384,0.10632911304903761,0.7425323620699674,0.7849393670319087
ACN_LMS_Outage_Fallback,44,200,29,21,0.7241379310344828,0.2777618995993127,0.2885862566438892,95,0.6711425445920178,0.1026755862656352,0.7090190595643965,0.7509676891465222
ACN_LMS_Outage_Fallback,45,200,30,21,0.7,0.7311318099345627,0.29612423918521535,95,0.6536672622192143,0.09250998723414458,0.691779049995032,0.7386558601931199
ACN_LMS_Outage_Fallback,46,200,29,24,0.8275862068965517,0.7031210126335907,0.28854988715423874,80,0.6704018268698899,0.10402253016934083,0.6900702170640948,0.7397009251049258
ACN_LMS_Outage_Fallback,47,200,27,22,0.8148148148148148,0.2669542050166118,0.2687245727049628,90,0.6437138442510136,0.09952692553710708,0.7072970206688047,0.7712352704327876
ACN_LMS_Outage_Fallback,48,200,27,17,0.6296296296296297,0.48296572565886403,0.28032509877884093,115,0.6738821961880866,0.09619042481512191,0.6898048188263972,0.7142152004349305
ACN_LMS_Outage_Fallback,49,200,28,21,0.75,0.5960815385832001,0.305825245270455,95,0.6467103227625719,0.0991667584050346,0.7034604191514449,0.7604439190017891
ACN_LMS_Outage_Fallback,50,200,28,19,0.6785714285714286,0.6179606816748371,0.28696101533781054,105,0.6763920079539022,0.10869129471655282,0.7408228716937656,0.7707686751293203
ACN_LMS_Outage_Fallback,51,200,28,15,0.5357142857142857,0.5349765854188252,0.30662887275189105,125,0.6560524660055753,0.1111046292946947,0.7369708131415769,0.7824167381173526
ACN_LMS_Outage_Fallback,52,200,27,22,0.8148148148148148,0.6785148470262318,0.30276089613881146,90,0.6456958203150157,0.10589835050864957,0.7056518202933224,0.7712430065827205
ACN_LMS_Outage_Fallback,53,200,27,19,0.7037037037037037,0.790975202835134,0.2700467081551359,105,0.6685282452371321,0.10234007227632556,0.7035556923715136,0.779216672562614
ACN_LMS_Outage_Fallback,54,200,29,22,0.7586206896551724,0.55850673844553,0.2783640167757538,90,0.6997040843299722,0.10390082827846445,0.6936940000018128,0.7080086344270773
ACN_LMS_Outage_Fallback,55,200,29,17,0.5862068965517241,0.4503317814945912,0.28492382520002046,115,0.6817078175798943,0.10834044206739557,0.6959619612568078,0.7096217720751716
ACN_LMS_Outage_Fallback,56,200,28,23,0.8214285714285714,0.5393388843789665,0.27690532930626083,85,0.6774190333290487,0.09475600360837468,0.7149677442764328,0.7196927543165605
ACN_LMS_Outage_Fallback,57,200,28,21,0.75,0.5082490722014035,0.2894335403955164,95,0.6353251481747957,0.10326394734417325,0.6825185008354586,0.699817583122808
ACN_LMS_Outage_Fallback,58,200,26,17,0.6538461538461539,0.32888980730352235,0.28635159805030286,115,0.6796048399095556,0.09054666339333531,0.7001242346808497,0.7342527975943536
ACN_LMS_Outage_Fallback,59,200,29,24,0.8275862068965517,0.7663771564839941,0.2746234492512453,80,0.6301932247266107,0.11040354277279879,0.6834319349239597,0.6951829977042399
ACN_LMS_Outage_Fallback,60,200,27,17,0.6296296296296297,0.5985099684254578,0.29376651016934996,115,0.6785359069038397,0.09849114857339993,0.7110890776974165,0.7125521190008979
ACN_LMS_Outage_Fallback,61,200,27,19,0.7037037037037037,0.3400310304758363,0.2706487977200637,105,0.6587156017960605,0.11312457398947402,0.7459557343329315,0.7651848888598245
ACN_LMS_Outage_Fallback,62,200,30,21,0.7,0.37263051723116286,0.2813024251467777,95,0.6450073421651908,0.11052136772904848,0.7233266022248972,0.7170243217871577
ACN_LMS_Outage_Fallback,63,200,27,18,0.6666666666666666,0.7708995140043151,0.28260265136459484,110,0.6497330806588655,0.10533351970615995,0.6905749779256765,0.7130788359931299
ACN_LMS_Outage_Fallback,64,200,28,18,0.6428571428571429,0.6344827665466317,0.2889518567361537,110,0.6687075594251906,0.10379155504703964,0.7144588960545608,0.7374928884022027
ACN_LMS_Outage_Fallback,65,200,28,19,0.6785714285714286,0.4265270865653028,0.26817545314096836,105,0.6756007104891049,0.11425683213494567,0.7293462332916452,0.8004184129505412
ACN_LMS_Outage_Fallback,66,200,30,24,0.8,0.3064339810626813,0.28305504869381554,80,0.6630816706258313,0.10794411980633017,0.7138162910610942,0.7249564071660783
ACN_LMS_Outage_Fallback,67,200,31,23,0.7419354838709677,0.5051751474039502,0.29495092750838847,85,0.6263645590834401,0.08735804852206958,0.6898776763149085,0.7491175224238262
ACN_LMS_Outage_Fallback,68,200,30,21,0.7,0.571767897875833,0.28146518058733916,95,0.606441934336367,0.0881689475685777,0.6897509410066992,0.6773180301817872
ACN_LMS_Outage_Fallback,69,200,28,18,0.6428571428571429,0.5446145950996155,0.2902315532145932,110,0.6688982240694338,0.0785688969103224,0.6885764499812608,0.6845396928732945
ACN_LMS_Outage_Fallback,70,200,28,17,0.6071428571428571,0.7725587633207867,0.28930933767564104,115,0.67148022997972,0.09769727522948111,0.6971925205189923,0.7689074831954699
ACN_LMS_Outage_Fallback,71,200,30,22,0.7333333333333333,0.44118407849510466,0.28086817925360513,90,0.6752880428909049,0.10891987353772715,0.7059775725299752,0.7115425354016554
ACN_LMS_Outage_Fallback,72,200,29,20,0.6896551724137931,0.5071563129450893,0.28276401616766844,100,0.6876543377841802,0.09163639294023349,0.6947814507070447,0.7374828567085852
ACN_LMS_Outage_Fallback,73,200,27,18,0.6666666666666666,0.3926757589243401,0.29450856317107965,110,0.6604488055115494,0.09488831124070074,0.677913574497873,0.7068084765198763
ACN_LMS_Outage_Fallback,74,200,28,22,0.7857142857142857,0.5649986687897746,0.26941388468458366,90,0.6502917554733966,0.10861437754103427,0.7112495186605207,0.7547400174983812
ACN_LMS_Outage_Fallback,75,200,28,23,0.8214285714285714,0.7117234185128158,0.2952844813132449,85,0.6874595854913104,0.08519284780855417,0.686245914072015,0.737327321973688
ACN_LMS_Outage_Fallback,76,200,29,19,0.6551724137931034,0.4644986146751395,0.28766278066208456,105,0.6222701968357333,0.08979900295991791,0.6887030021009941,0.7427312588139146
ACN_LMS_Outage_Fallback,77,200,29,18,0.6206896551724138,0.867864522251647,0.3108547986771705,110,0.649173333919976,0.1088949256130418,0.7231408028222637,0.7775944072907199
ACN_LMS_Outage_Fallback,78,200,29,21,0.7241379310344828,0.6288281638063493,0.28345021685877675,95,0.6759279320280289,0.10180811342639574,0.7001995548352891,0.6793436900551126
ACN_LMS_Outage_Fallback,79,200,27,20,0.7407407407407407,0.541004273499845,0.29307979821261854,100,0.6827558125856332,0.10544485332585322,0.7070400840757665,0.6965186447723488
ACN_LMS_Outage_Fallback,80,200,29,24,0.8275862068965517,0.415365838286902,0.2844834714465599,80,0.6388637264611985,0.10335294639148555,0.6960791252846943,0.7321193480137154
ACN_LMS_Outage_Fallback,81,200,28,18,0.6428571428571429,0.6525993843408939,0.27917700194307554,110,0.6341162363992016,0.09595030612055541,0.7018556076785744,0.7306217562845827
ACN_LMS_Outage_Fallback,82,200,29,19,0.6551724137931034,0.5033403888546776,0.32055232819586077,105,0.6450183068536142,0.10114152906752691,0.7037477874056056,0.7912053130643537
ACN_LMS_Outage_Fallback,83,200,29,17,0.5862068965517241,0.46767565912599207,0.2632874795006378,115,0.6689370461465444,0.10213949624391618,0.7055390808893303,0.7610921325390414
ACN_LMS_Outage_Fallback,84,200,27,20,0.7407407407407407,0.64314985648774,0.2711822283169857,100,0.6624423729619673,0.09681133132246166,0.7069811708761072,0.7418257867828615
ACN_LMS_Outage_Fallback,85,200,24,19,0.7916666666666666,0.5388423589071148,0.2861959178277028,105,0.6748552115969974,0.097898513367586,0.7208982098637761,0.7780399723498292
ACN_LMS_Outage_Fallback,86,200,27,20,0.7407407407407407,0.6353786154934875,0.2847426649375059,100,0.6580300839220259,0.09638768695526825,0.6810397408006883,0.7468847941232788
ACN_LMS_Outage_Fallback,87,200,29,21,0.7241379310344828,0.6666390825584539,0.2747507810822098,95,0.6527672112449877,0.1051892121925747,0.7290712924830202,0.7109772018356113
ACN_LMS_Outage_Fallback,88,200,27,18,0.6666666666666666,0.44541579935447495,0.3092423593071651,110,0.6542482292748797,0.0928457562984262,0.7213123985301165,0.7400357284970696
ACN_LMS_Outage_Fallback,89,200,27,19,0.7037037037037037,0.6024757677055327,0.28590843550276535,105,0.6407244965389871,0.1120437968817111,0.7278966376242598,0.6853405672925355
ACN_LMS_Outage_Fallback,90,200,30,19,0.6333333333333333,0.4268820074824859,0.28227790263516184,105,0.6622896833967941,0.10072193965861544,0.6870808086638742,0.7778214958028811
ACN_LMS_Outage_Fallback,91,200,28,22,0.7857142857142857,0.4650197740256383,0.28771347298359884,90,0.6318125920252265,0.1071073801091773,0.7030339098577147,0.8202284047819561
ACN_LMS_Outage_Fallback,92,200,28,19,0.6785714285714286,0.4581222874204123,0.29183178912994817,105,0.6218551019182331,0.10141398163434848,0.700438428457503,0.710562579513083
ACN_LMS_Outage_Fallback,93,200,28,14,0.5,0.6138454700010054,0.30406029263369894,130,0.6439437237323347,0.10202707829067402,0.6956747420708608,0.7926019408567175
ACN_LMS_Outage_Fallback,94,200,27,17,0.6296296296296297,0.48628590765072194,0.2682442461619219,115,0.6206533137626375,0.09898191675210868,0.6951377284646152,0.7173158071385397
ACN_LMS_Outage_Fallback,95,200,31,23,0.7419354838709677,0.5426742639628936,0.2726574696928014,85,0.6775251686730795,0.10453109563460196,0.6911810234007894,0.8401897204829061
ACN_LMS_Outage_Fallback,96,200,29,15,0.5172413793103449,0.5563570398221256,0.2793371091779533,125,0.6195826363126095,0.09618158484371396,0.7008687427102419,0.7545282338086623
ACN_LMS_Outage_Fallback,97,200,30,24,0.8,0.5620962794405157,0.2817853761135244,80,0.6630498187350256,0.10397150059658321,0.7144435175885552,0.6803303727191481
ACN_LMS_Outage_Fallback,98,200,29,19,0.6551724137931034,0.32055128017925744,0.280558440173328,105,0.6740871834212324,0.09674238669285423,0.7206182584600621,0.7842304079615354
ACN_LMS_Outage_Fallback,99,200,28,17,0.6071428571428571,0.6352004334677807,0.2940884905965814,115,0.688552374781593,0.1047694252686707,0.7141347239614582,0.7572990252377183
ACN_LMS_Outage_Fallback,100,200,28,22,0.7857142857142857,0.32386751736501945,0.27032746471326546,90,0.6630421274048288,0.09106260576469159,0.6805126449525193,0.6690938992268447
ACN_LMS_Outage_Fallback,101,200,28,17,0.6071428571428571,0.476127636167814,0.2815105221064722,115,0.6886779600535076,0.08526908818961827,0.7133069215717144,0.7332506972348747
ACN_LMS_Outage_Fallback,102,200,27,20,0.7407407407407407,0.6161792902963006,0.2839258031949237,100,0.6629120601172317,0.09563336910582788,0.6997133462016124,0.7143936844537655
ACN_LMS_Outage_Fallback,103,200,28,20,0.7142857142857143,0.5661750212950062,0.26173454156906606,100,0.6681222882994464,0.10711687130339301,0.7208253449930269,0.764918443357484
ACN_LMS_Outage_Fallback,104,200,28,21,0.75,0.48378807577945215,0.27519637756354814,95,0.6469657740416541,0.10421465590090202,0.7057869370614221,0.726159846380575
ACN_LMS_Outage_Fallback,105,200,31,21,0.6774193548387096,0.4952356301294807,0.26210101059023677,95,0.6705290064019974,0.09914718400148119,0.7048873057392308,0.6988565859649958
ACN_LMS_Outage_Fallback,106,200,30,21,0.7,0.2766522660034162,0.27060491632217104,95,0.6403390645978563,0.10291477126073975,0.7016117609184961,0.6593745127681863
ACN_LMS_Outage_Fallback,107,200,27,18,0.6666666666666666,0.40000950274014724,0.31723381277319657,110,0.6507239163948109,0.11302800424665341,0.7234032168192586,0.7625170096781757
ACN_LMS_Outage_Fallback,108,200,28,22,0.7857142857142857,0.5019402118679966,0.29607278897646866,90,0.6612955509497624,0.08229840132768998,0.7077741850210227,0.7212603394346015
ACN_LMS_Outage_Fallback,109,200,29,19,0.6551724137931034,0.459236404419744,0.2686528570478076,105,0.6169610685994815,0.10085197626918764,0.7039414545253033,0.777794134124687
ACN_LMS_Outage_Fallback,110,200,30,22,0.7333333333333333,0.4838490891141677,0.27529930128211955,90,0.6692266154062187,0.1066928804880337,0.7429809543264929,0.7593300478037492
ACN_LMS_Outage_Fallback,111,200,28,17,0.6071428571428571,0.46501761435188005,0.27575247484690557,115,0.6476207176774204,0.1087546675710533,0.6915343903146461,0.6621698596227543
ACN_LMS_Outage_Fallback,112,200,27,24,0.8888888888888888,0.7217206106602484,0.3063390963515256,80,0.6306749548707751,0.1060482213315253,0.7273073411044431,0.720590752415899
ACN_LMS_Outage_Fallback,113,200,27,21,0.7777777777777778,0.5454508202442774,0.27389646915766624,95,0.6481518820932036,0.1027352509457706,0.7202056456907331,0.6934152424902522
ACN_LMS_Outage_Fallback,114,200,28,22,0.7857142857142857,0.6720004680515321,0.2954662274225498,90,0.621855895644376,0.0841315491506435,0.6761438809662527,0.7166331508489827
ACN_LMS_Outage_Fallback,115,200,28,17,0.6071428571428571,0.6081548391647413,0.27245169751599535,115,0.672052059939309,0.09678045527787646,0.7133187808618943,0.7922974903095219
ACN_LMS_Outage_Fallback,116,200,27,22,0.8148148148148148,0.4157065493878374,0.298998681313466,90,0.6657997113434221,0.0955593837882531,0.6670666321073863,0.7869163416742087
ACN_LMS_Outage_Fallback,117,200,29,23,0.7931034482758621,0.6774591220148458,0.3291387169882906,85,0.6533140845071667,0.09494763741533702,0.7027974644180498,0.7447882383588331
ACN_LMS_Outage_Fallback,118,200,27,16,0.5925925925925926,0.46764557291129644,0.28986439823070453,120,0.6532629323943525,0.10646095443113678,0.7010116356311369,0.7955106596548109
ACN_LMS_Outage_Fallback,119,200,28,23,0.8214285714285714,0.43060664782494873,0.2946846090172765,85,0.7113260256355846,0.08804191714493483,0.7052741115623696,0.7828617957293413
ACN_LMS_Outage_Fallback,120,200,29,23,0.7931034482758621,0.5559183625350864,0.26733268713564445,85,0.6895818033726464,0.09848742099360118,0.7000533315116029,0.7632840246033099
ACN_Exam_Peak_500,1,500,76,74,0.9736842105263158,0.2893351831037324,1.2016266276836765,130,0.6809114962787469,0.1064722377158183,0.722984849475842,0.868123953287724
ACN_Exam_Peak_500,2,500,74,69,0.9324324324324325,0.5249141539775731,1.231684335338995,155,0.6729421950522294,0.10620981671977936,0.7234158991375663,0.8782788769107017
ACN_Exam_Peak_500,3,500,80,72,0.9,0.42346208195032675,1.2736369868950503,140,0.6587478671958085,0.10038626445563718,0.7123255020194501,0.8351092404292263
ACN_Exam_Peak_500,4,500,78,73,0.9358974358974359,0.4147810826141719,1.226121977277453,135,0.6378497725588812,0.09634567286004751,0.7078469125715069,0.8035436706670583
ACN_Exam_Peak_500,5,500,72,68,0.9444444444444444,0.2055475362303424,1.2312075899231225,160,0.6376724276807318,0.09555247062241572,0.6971253625026176,0.8836135593286086
ACN_Exam_Peak_500,6,500,76,70,0.9210526315789473,0.3426377669286966,1.2367802469425735,150,0.6493335749441547,0.10171533537326431,0.702011726652961,0.80558335649586
ACN_Exam_Peak_500,7,500,75,70,0.9333333333333333,0.43874645840493764,1.2256666729963919,150,0.6605524410301216,0.10178087361481228,0.708610837095713,0.8620297096300273
ACN_Exam_Peak_500,8,500,78,67,0.8589743589743589,0.516223974069382,1.2099666446418906,165,0.6674967156594382,0.09245037947063318,0.7024772877575978,0.8871775502877753
ACN_Exam_Peak_500,9,500,77,68,0.8831168831168831,0.440775970292267,1.2214508604399679,160,0.6491477051806449,0.10085365974293921,0.7068967664684992,0.8815862158977613
ACN_Exam_Peak_500,10,500,77,68,0.8831168831168831,0.2497667721454172,1.2824503103469314,160,0.6814181602451161,0.09977663420650644,0.7074118492341892,0.8614500232945349
ACN_Exam_Peak_500,11,500,77,69,0.8961038961038961,0.3509302017678308,1.222624491939587,155,0.6544606637778997,0.09268832037161277,0.6926915696270135,0.8722348777231264
ACN_Exam_Peak_500,12,500,77,73,0.948051948051948,0.34055792537585516,1.2430020367528638,135,0.668889227986206,0.10610024129458262,0.7050669628489541,0.8130585942879276
ACN_Exam_Peak_500,13,500,77,74,0.961038961038961,0.400309585294349,1.2539259274631847,130,0.6523084143099761,0.09547682137461275,0.7142627947544538,0.8911269557467145
ACN_Exam_Peak_500,14,500,79,70,0.8860759493670886,0.38740106686440534,1.2023584165037606,150,0.6664227203223657,0.10508883693828792,0.6940505840386704,0.9068861374586038
ACN_Exam_Peak_500,15,500,78,68,0.8717948717948718,0.44796840766677604,1.1982609538016626,160,0.6571143552753156,0.10090910547412156,0.700217787908156,0.855094307970184
ACN_Exam_Peak_500,16,500,76,71,0.9342105263157895,0.6113741212164693,1.2148982442982825,145,0.6488671444550674,0.10761587472875153,0.7075016194191343,0.8160658672741137
ACN_Exam_Peak_500,17,500,76,70,0.9210526315789473,0.3847626046497329,1.222595833922636,150,0.6556306291085864,0.0979726079842763,0.6987769335764181,0.8246978512665539
ACN_Exam_Peak_500,18,500,79,72,0.9113924050632911,0.3380262904446675,1.2175088788458277,140,0.6702641689924398,0.0954616209773054,0.7080358125237173,0.8594576294135065
ACN_Exam_Peak_500,19,500,77,72,0.935064935064935,0.3841113716724956,1.217781240768528,140,0.6509478056324655,0.0922303370323356,0.6964888300879696,0.7841504152797288
ACN_Exam_Peak_500,20,500,78,75,0.9615384615384616,0.3521380130902117,1.2273828705489724,125,0.6516531765796678,0.10432959866726847,0.718492932961986,0.8661571045608785
ACN_Exam_Peak_500,21,500,82,78,0.9512195121951219,0.522170461937427,1.195805790434299,110,0.6832053175486169,0.10571918098234133,0.7132974083862929,0.8599097463705013
ACN_Exam_Peak_500,22,500,78,73,0.9358974358974359,0.34019918915386776,1.2091899393997627,135,0.6471398896995456,0.10641545038487162,0.7138973603188264,0.837409472851455
ACN_Exam_Peak_500,23,500,71,68,0.9577464788732394,0.3946704696537322,1.1966371648814382,160,0.6669185567387755,0.09749360834101356,0.7084329456611128,0.8739129126654289
ACN_Exam_Peak_500,24,500,77,71,0.922077922077922,0.48436994199567834,1.2204219748110827,145,0.6760977095580405,0.10393552534704979,0.6954989744806476,0.854904809316975
ACN_Exam_Peak_500,25,500,74,70,0.9459459459459459,0.4090497151428437,1.2413070772032013,150,0.6575589799463218,0.09919873335827134,0.7173054581634878,0.8462697162116879
ACN_Exam_Peak_500,26,500,74,71,0.9594594594594594,0.6672073125047646,1.2293990930475323,145,0.6448523597136986,0.097312295875553,0.7140012769458565,0.8243797916927696
ACN_Exam_Peak_500,27,500,77,71,0.922077922077922,0.36669294136190167,1.2231829030994121,145,0.6394191882328031,0.09986242624027411,0.7210602730243972,0.8747138060998078
ACN_Exam_Peak_500,28,500,77,72,0.935064935064935,0.33856907568028505,1.2486154857392926,140,0.6656110235613131,0.0922234345253777,0.6992630476228403,0.8496072123250713
ACN_Exam_Peak_500,29,500,77,73,0.948051948051948,0.29741441527833606,1.2048699502875475,135,0.6586620187246772,0.10026448867075312,0.6923241082147451,0.8751402080563696
ACN_Exam_Peak_500,30,500,81,76,0.9382716049382716,0.43711019784722893,1.2370632123546303,120,0.6702189944596973,0.1005254305736825,0.7088460209917807,0.8133131722496654
ACN_Exam_Peak_500,31,500,78,69,0.8846153846153846,0.39051720792880035,1.2465413120360818,155,0.6555492911239098,0.10227125007415812,0.7054460647869164,0.821729798324063
ACN_Exam_Peak_500,32,500,76,67,0.881578947368421,0.32026847100807465,1.2494311017982294,165,0.6615415353542103,0.10264749475214545,0.7208937519506261,0.8297029840944922
ACN_Exam_Peak_500,33,500,76,69,0.9078947368421053,0.3320258890979342,1.2342652300522792,155,0.6493829298985853,0.1098809330704182,0.7121672820844139,0.8478591701384688
ACN_Exam_Peak_500,34,500,79,74,0.9367088607594937,0.5081195755580271,1.2061833896402507,130,0.6493050802783542,0.09554394519381335,0.7035610464671609,0.8249424142147609
ACN_Exam_Peak_500,35,500,78,68,0.8717948717948718,0.3483002110518484,1.210330221907967,160,0.6355367927916213,0.10326741665430035,0.6881387857697567,0.813172528402222
ACN_Exam_Peak_500,36,500,79,72,0.9113924050632911,0.3321882960463054,1.2092881902939236,140,0.6532962014208604,0.10300609836892383,0.7121867392649028,0.8722123156515654
ACN_Exam_Peak_500,37,500,76,70,0.9210526315789473,0.493909583857824,1.1983832278877513,150,0.6676298292940808,0.1089515194046007,0.6961543675048479,0.8809934762750712
ACN_Exam_Peak_500,38,500,77,71,0.922077922077922,0.2871877764734033,1.2184940269379114,145,0.6243301505336017,0.09150652575107908,0.702741029466015,0.843922284491617
ACN_Exam_Peak_500,39,500,77,70,0.9090909090909091,0.39339898952179264,1.228702103050295,150,0.6653782614041278,0.09785003450502869,0.7056144536395915,0.8320849987435884
ACN_Exam_Peak_500,40,500,75,72,0.96,0.47069113999233814,1.2178605245011422,140,0.6486888939445458,0.0979821287660093,0.6987479487753221,0.797493055013828
ACN_Exam_Peak_500,41,500,79,70,0.8860759493670886,0.28390636564756433,1.1972990069583893,150,0.647723204000461,0.10343756479553065,0.7274590443940824,0.8980423826750759
ACN_Exam_Peak_500,42,500,76,68,0.8947368421052632,0.349434861319338,1.2140990141278132,160,0.6403969643377027,0.10421200996373964,0.7004486861096686,0.9342580838698445
ACN_Exam_Peak_500,43,500,76,74,0.9736842105263158,0.2349345218605254,1.228317854140975,130,0.6571948501012195,0.0980172008979274,0.7097334196442615,0.8714894629383795
ACN_Exam_Peak_500,44,500,76,69,0.9078947368421053,0.6001292672861607,1.2311802850162534,155,0.674421206904542,0.09458491204778459,0.6982958548578052,0.8285871840685364
ACN_Exam_Peak_500,45,500,74,72,0.972972972972973,0.5398448842126513,1.2436136657925365,140,0.6670931760570087,0.09581755476496068,0.7073924745753822,0.8902354343936176
ACN_Exam_Peak_500,46,500,79,74,0.9367088607594937,0.4148837641185166,1.2032716394393264,130,0.6792178824003967,0.1063019952265205,0.7052273251927687,0.8141594117815324
ACN_Exam_Peak_500,47,500,76,70,0.9210526315789473,0.3813273994514898,1.221504893536661,150,0.6784597564574723,0.09919256845587725,0.6999925356737372,0.8742633755888811
ACN_Exam_Peak_500,48,500,74,71,0.9594594594594594,0.18576587067461076,1.203424692565322,145,0.6623823512676535,0.1006359553646618,0.7138661963749666,0.8229400772130505
ACN_Exam_Peak_500,49,500,77,71,0.922077922077922,0.3984421718654716,1.262585637351275,145,0.6727498542262224,0.0993132985755864,0.7055738976601149,0.8610543811829339
ACN_Exam_Peak_500,50,500,77,72,0.935064935064935,0.523299060301283,1.2301716193131658,140,0.6640393987492272,0.09190401223067059,0.7013984152364072,0.8252748671579695
ACN_Exam_Peak_500,51,500,76,72,0.9473684210526315,0.611310446025638,1.1957246512132316,140,0.6471365948368452,0.10026534491411157,0.6903693463963304,0.8590151019424103
ACN_Exam_Peak_500,52,500,75,69,0.92,0.5755636918018864,1.286767791186971,155,0.6718828574546049,0.10047437456650202,0.7123241675746149,0.8363272645983023
ACN_Exam_Peak_500,53,500,77,74,0.961038961038961,0.24702747677063797,1.2282287818477264,130,0.6612239926393264,0.09974875291743478,0.7001794886123602,0.8795814763974521
ACN_Exam_Peak_500,54,500,77,76,0.987012987012987,0.24641371795000067,1.2089152190849632,120,0.6529819734809418,0.10454406570473028,0.6987796582689535,0.8700935460500844
ACN_Exam_Peak_500,55,500,77,73,0.948051948051948,0.4284639613926066,1.219796210542689,135,0.6493387129593062,0.09842712693463185,0.6968442502435819,0.8464766055373034
ACN_Exam_Peak_500,56,500,80,74,0.925,0.45105162079505523,1.216038296006095,130,0.6362062392873171,0.10900482125009744,0.7230565299781949,0.8345385581144185
ACN_Exam_Peak_500,57,500,76,67,0.881578947368421,0.2780110956657,1.217989839213355,165,0.6737672838823698,0.10388280188783386,0.7080313671994868,0.8956521954591118
ACN_Exam_Peak_500,58,500,75,73,0.9733333333333334,0.48905438242111116,1.2282117042978176,135,0.6535624174908217,0.10004971645260596,0.7049018874658421,0.8693773030963433
ACN_Exam_Peak_500,59,500,77,74,0.961038961038961,0.2551276069193169,1.2185570665279872,130,0.6699810242887384,0.10472620876007153,0.7205603931971861,0.8767243155812412
ACN_Exam_Peak_500,60,500,76,69,0.9078947368421053,0.30771091106849524,1.2122116138979053,155,0.6522323258196371,0.08962778627023851,0.6913518199453117,0.8258409401494957
ACN_Exam_Peak_500,61,500,76,73,0.9605263157894737,0.40658138356644824,1.2266818345723567,135,0.6525982305315653,0.10357936381962062,0.7099036945059591,0.8574663078293054
ACN_Exam_Peak_500,62,500,78,73,0.9358974358974359,0.3720201806414083,1.2402127627931563,135,0.6535467343651823,0.11073356732921283,0.7110814889039234,0.8213653589614127
ACN_Exam_Peak_500,63,500,75,72,0.96,0.513788976918546,1.2408650517790312,140,0.6543554220734641,0.09189461881504264,0.7095508272516114,0.8736618063772428
ACN_Exam_Peak_500,64,500,78,75,0.9615384615384616,0.38747846695519905,1.1866850316035034,125,0.6823219458647427,0.09907731387291656,0.702401044983272,0.8552481109902759
ACN_Exam_Peak_500,65,500,77,69,0.8961038961038961,0.3579117869806362,1.2506790999505641,155,0.6790118196565132,0.09603662346131413,0.6965635062277337,0.8730150807610192
ACN_Exam_Peak_500,66,500,76,70,0.9210526315789473,0.3560164863493238,1.2238114832638058,150,0.648514104969894,0.09848196150457199,0.706552265570208,0.8567620564187081
ACN_Exam_Peak_500,67,500,78,73,0.9358974358974359,0.1851115865194971,1.229202090182694,135,0.6621787578556174,0.09415649472298056,0.7054952986691292,0.8337049828192586
ACN_Exam_Peak_500,68,500,78,76,0.9743589743589743,0.3198102817923476,1.2136439401029377,120,0.6777029923646063,0.10354546673272594,0.7321091965497968,0.8182851706059924
ACN_Exam_Peak_500,69,500,79,73,0.9240506329113924,0.38234473660036195,1.2051867901925688,135,0.6580485600954908,0.1036517948648443,0.7044229869559021,0.8190692163715435
ACN_Exam_Peak_500,70,500,77,69,0.8961038961038961,0.47707257020372074,1.206479097304809,155,0.6757084679782188,0.1061299443257008,0.7052013028212212,0.8315868129689751
ACN_Exam_Peak_500,71,500,76,68,0.8947368421052632,0.46671741153083846,1.2130867010380666,160,0.6814562322022405,0.09558765496560342,0.7159142794602492,0.8057915476902199
ACN_Exam_Peak_500,72,500,75,71,0.9466666666666667,0.4115507677709595,1.2067596763919186,145,0.6568792454223801,0.10839236452369351,0.6952989312365373,0.8824881396042409
ACN_Exam_Peak_500,73,500,77,71,0.922077922077922,0.3585920255184459,1.2143372528166954,145,0.6563035695561783,0.10648144319555476,0.7238322803918473,0.8111836451843367
ACN_Exam_Peak_500,74,500,76,73,0.9605263157894737,0.18674473197471492,1.2028973642091456,135,0.6652271950300481,0.0993404635800275,0.6995020193249163,0.8335419099701701
ACN_Exam_Peak_500,75,500,79,76,0.9620253164556962,0.5705089111206546,1.2322857232090458,120,0.6598026907157972,0.10125382614672503,0.7110090199797727,0.8511326869783417
ACN_Exam_Peak_500,76,500,78,71,0.9102564102564102,0.30662187465830826,1.214888231073127,145,0.6466773418654073,0.10938254722310649,0.7093835619116895,0.743261721989981
ACN_Exam_Peak_500,77,500,77,74,0.961038961038961,0.26117307922683236,1.2297296720885194,130,0.6638630333763669,0.09541588791601156,0.7097366718372687,0.8686249279816904
ACN_Exam_Peak_500,78,500,78,72,0.9230769230769231,0.34216941677336976,1.240268851117424,140,0.6435439662946518,0.09841483982789415,0.6958185988124393,0.8620425690369832
ACN_Exam_Peak_500,79,500,80,74,0.925,0.5258445824851123,1.2319303028553457,130,0.6629092246916675,0.09727243117427273,0.7069155330913648,0.8377447688263066
ACN_Exam_Peak_500,80,500,76,71,0.9342105263157895,0.39479973464702534,1.2415981835993495,145,0.6433404280697919,0.09915689077129348,0.716225548283926,0.8757365429507704
ACN_Exam_Peak_500,81,500,78,74,0.9487179487179487,0.3777897722032105,1.209930422898141,130,0.6596841089185399,0.10391495189222255,0.7110686976809442,0.7846187524777044
ACN_Exam_Peak_500,82,500,79,76,0.9620253164556962,0.336806657560641,1.219918432267405,120,0.6492762782540185,0.11044477789789817,0.7310553264147666,0.8291683975474179
ACN_Exam_Peak_500,83,500,79,76,0.9620253164556962,0.3774478819585607,1.2353954522840114,120,0.6648487373217942,0.1047213710727411,0.6946917645166557,0.8196118255734255
ACN_Exam_Peak_500,84,500,76,74,0.9736842105263158,0.6314674697018849,1.2167622799980469,130,0.6678633940895563,0.09851445148039098,0.7178776105612089,0.8359865619127061
ACN_Exam_Peak_500,85,500,79,74,0.9367088607594937,0.4169462876935886,1.220328423134493,130,0.6545944069583097,0.09271942866282558,0.71375576965887,0.8470055015951259
ACN_Exam_Peak_500,86,500,78,75,0.9615384615384616,0.46704141322664816,1.2094431045820138,125,0.6489666508962726,0.09899420618406629,0.6874494161295573,0.8528686518241203
ACN_Exam_Peak_500,87,500,76,75,0.9868421052631579,0.49276484976902835,1.1909382582793404,125,0.6314050720537028,0.09934841295591887,0.7184381542015364,0.8535154488245066
ACN_Exam_Peak_500,88,500,77,71,0.922077922077922,0.44857610576873114,1.2037783139213538,145,0.665440408260534,0.10250668534014444,0.6943131653688338,0.8194500899911032
ACN_Exam_Peak_500,89,500,78,75,0.9615384615384616,0.43257133601979,1.2157764375241604,125,0.6358277969217081,0.10631286809168462,0.7071128025857754,0.8198876393521962
ACN_Exam_Peak_500,90,500,77,71,0.922077922077922,0.33509967533379253,1.2209168870757945,145,0.6684628811665552,0.101102551311942,0.7082032866465858,0.8617561537493054
ACN_Exam_Peak_500,91,500,77,70,0.9090909090909091,0.3073505873063156,1.1926644623592513,150,0.6540106695081374,0.09885946634504524,0.7057476470812409,0.9041347530934009
ACN_Exam_Peak_500,92,500,79,73,0.9240506329113924,0.4597077780703179,1.2230686805011208,135,0.6622635674591344,0.10065520536470697,0.6928221160721234,0.8423755563031181
ACN_Exam_Peak_500,93,500,76,70,0.9210526315789473,0.22826457833917446,1.2321581722088055,150,0.6594355569781877,0.10022244021279396,0.7062696531876524,0.8060429587074656
ACN_Exam_Peak_500,94,500,78,71,0.9102564102564102,0.23577685148963218,1.2129298434119875,145,0.6730686374857017,0.09473032648446417,0.6984042778412788,0.8518103141212467
ACN_Exam_Peak_500,95,500,78,73,0.9358974358974359,0.27027208798933466,1.2044092448382966,135,0.6492737109929785,0.10120544419386598,0.691954850640495,0.8082485917526823
ACN_Exam_Peak_500,96,500,79,73,0.9240506329113924,0.6305126148005984,1.228959143368424,135,0.6628289886006509,0.09445428376254139,0.7114287079773114,0.8916723019928614
ACN_Exam_Peak_500,97,500,72,65,0.9027777777777778,0.5586296833031272,1.2189652455602427,175,0.6682600760638913,0.10215436442041993,0.7171335013617625,0.9239060416110503
ACN_Exam_Peak_500,98,500,76,72,0.9473684210526315,0.3378776115473554,1.2115784667531855,140,0.6377561203740163,0.10059769078901504,0.7092601262965583,0.8515445935246732
ACN_Exam_Peak_500,99,500,79,72,0.9113924050632911,0.31920064764329026,1.2331869232905694,140,0.6627683979123553,0.09634109894988904,0.6964577108160112,0.7911885683838847
ACN_Exam_Peak_500,100,500,76,68,0.8947368421052632,0.3834884616510247,1.1926662049566652,160,0.6602517944334589,0.09575785603725935,0.706510789964225,0.899227283252532
ACN_Exam_Peak_500,101,500,79,74,0.9367088607594937,0.37344369028811697,1.2234024657459335,130,0.6618471003344281,0.09581962265793602,0.7143958871712875,0.9031228081475318
ACN_Exam_Peak_500,102,500,77,70,0.9090909090909091,0.3399181923187093,1.2091049829405773,150,0.6653184502390098,0.10594437581561268,0.7068427067736359,0.8767900537199326
ACN_Exam_Peak_500,103,500,79,70,0.8860759493670886,0.3896930914868434,1.222166490756353,150,0.6549776139502609,0.09665536782942931,0.7102834444936079,0.8382853562604267
ACN_Exam_Peak_500,104,500,76,72,0.9473684210526315,0.29304353549958384,1.2165088818630079,140,0.6738612386448146,0.10011125528364492,0.7197264582509458,0.7907581709866917
ACN_Exam_Peak_500,105,500,72,66,0.9166666666666666,0.43494567064918666,1.2192852447527092,170,0.6588638832654651,0.10252508313021708,0.7106378868132533,0.762042484595791
ACN_Exam_Peak_500,106,500,77,68,0.8831168831168831,0.37917023414107676,1.2172140179005873,160,0.663162762917906,0.1068839882745718,0.7076028316355524,0.8629075204259324
ACN_Exam_Peak_500,107,500,74,69,0.9324324324324325,0.5193218660521902,1.2193445148535582,155,0.6628986787980575,0.11009661981643463,0.7216686034545059,0.9086120389327755
ACN_Exam_Peak_500,108,500,76,69,0.9078947368421053,0.33385579521008096,1.208489326122323,155,0.6535407015223564,0.09940164737728824,0.7137877685036478,0.757331758137579
ACN_Exam_Peak_500,109,500,76,73,0.9605263157894737,0.49794201655455067,1.2076829224494547,135,0.6713571269368894,0.10243329257029565,0.7187629180389387,0.8713718260521884
ACN_Exam_Peak_500,110,500,78,73,0.9358974358974359,0.2855117732609285,1.1898010661364902,135,0.6501307272820128,0.11474719452586911,0.7210542264982964,0.7982948174864035
ACN_Exam_Peak_500,111,500,78,75,0.9615384615384616,0.3833166977853582,1.1994710977201801,125,0.6423077814242348,0.10178464677467056,0.7128612695344158,0.8015339498758555
ACN_Exam_Peak_500,112,500,76,72,0.9473684210526315,0.38097432104353735,1.2357503685334683,140,0.6156748874009861,0.1041439157703605,0.697744956483755,0.8155270984791794
ACN_Exam_Peak_500,113,500,76,71,0.9342105263157895,0.37113790740355546,1.2133404912493126,145,0.6444447196402796,0.10817383062073614,0.7157036449024098,0.8960705891453302
ACN_Exam_Peak_500,114,500,79,75,0.9493670886075949,0.335412723715608,1.2239904004971245,125,0.640170832272058,0.10783706075746399,0.7183597900497961,0.8409018511407329
ACN_Exam_Peak_500,115,500,78,73,0.9358974358974359,0.3702566111204745,1.2127041098408635,135,0.6562647632025689,0.10353084497638616,0.7088423773028693,0.8216095311576749
ACN_Exam_Peak_500,116,500,75,73,0.9733333333333334,0.41480266726043474,1.2028800624658316,135,0.6468540931455384,0.10670653858358606,0.7059705875238862,0.8525540146172209
ACN_Exam_Peak_500,117,500,79,72,0.9113924050632911,0.24198627196472755,1.1976672624091045,140,0.6589437763980736,0.09444382852236154,0.7100708978334659,0.845160767550593
ACN_Exam_Peak_500,118,500,79,74,0.9367088607594937,0.29706266614921917,1.2126211308560553,130,0.6762952782057687,0.09348056421054518,0.7141795703699891,0.8303988470353896
ACN_Exam_Peak_500,119,500,80,76,0.95,0.6389791557223106,1.2141527083865953,120,0.6596287865048187,0.09711217485114106,0.7009694388049441,0.8311441311040509
ACN_Exam_Peak_500,120,500,79,74,0.9367088607594937,0.36152210978249966,1.2012566719985116,130,0.6569041692808746,0.10333211969579578,0.7059431281875219,0.8262867301911766
