scenario,week,adoption_rate,density,isolated_students,degree_gini,giant_component_share,mean_satisfaction,group_balance_index
AS_IS_Self_Selection,1,0.0,0.010452261306532663,31,0.38911057692307693,0.8,0.42,0.0
AS_IS_Self_Selection,2,0.0,0.010603015075376884,31,0.3860189573459716,0.8,0.42107745050584555,0.18633607911140895
AS_IS_Self_Selection,3,0.0,0.010703517587939698,30,0.3866197183098592,0.805,0.4235421600160953,0.19797171897221488
AS_IS_Self_Selection,4,0.0,0.011005025125628141,29,0.3868493150684933,0.82,0.42897584706411396,0.3173670073430186
AS_IS_Self_Selection,5,0.0,0.011256281407035176,29,0.39270089285714294,0.82,0.4320320730099743,0.15580935750857525
AS_IS_Self_Selection,6,0.0,0.01135678391959799,29,0.3936504424778762,0.82,0.43298642787985214,0.15651616322927944
AS_IS_Self_Selection,7,0.0,0.01135678391959799,29,0.3936504424778762,0.82,0.43770981685715526,0.8660565214764744
AS_IS_Self_Selection,8,0.0,0.011507537688442211,29,0.39567685589519663,0.82,0.4400446819054369,0.3207975649682254
AS_IS_Self_Selection,9,0.0,0.011507537688442211,29,0.39567685589519663,0.82,0.4400446819054369,0.0
AS_IS_Self_Selection,10,0.0,0.011658291457286432,29,0.4013577586206898,0.82,0.440739659110267,0.17851183660254816
AS_IS_Self_Selection,11,0.0,0.011708542713567839,29,0.39935622317596575,0.82,0.4432603346992437,0.28791062065087053
AS_IS_Self_Selection,12,0.0,0.011809045226130653,29,0.40076595744680854,0.82,0.44544156340818036,0.973379416597719
ACN_No_B1,1,0.38,0.012361809045226132,17,0.3556707317073171,0.89,0.5606063884034839,0.6687613867211053
ACN_No_B1,2,0.38,0.013467336683417085,16,0.35617537313432845,0.91,0.5686953736365308,0.6880721168347432
ACN_No_B1,3,0.38,0.014673366834170854,14,0.3683732876712329,0.92,0.575668232082064,0.4304467114475002
ACN_No_B1,4,0.395,0.01592964824120603,13,0.3758359621451106,0.935,0.5820648703192681,0.48031830009728466
ACN_No_B1,5,0.4,0.017236180904522613,11,0.3789795918367349,0.945,0.5901969256149273,0.6653493094492006
ACN_No_B1,6,0.41,0.018090452261306532,11,0.3885694444444445,0.945,0.5950081891370023,0.6276547032088561
ACN_No_B1,7,0.42,0.019095477386934675,9,0.3964736842105263,0.955,0.5987391973941193,0.5395871632880882
ACN_No_B1,8,0.43,0.020552763819095477,9,0.40426650366748174,0.955,0.6060725100913712,0.6803793353537283
ACN_No_B1,9,0.465,0.021758793969849245,9,0.41303695150115494,0.955,0.6116240417063675,0.6238923990630165
ACN_No_B1,10,0.48,0.0235678391959799,8,0.4247974413646056,0.96,0.6176390542542332,0.654895325889586
ACN_No_B1,11,0.49,0.024623115577889446,8,0.42594897959183675,0.96,0.6232290379386968,0.6796172554725447
ACN_No_B1,12,0.505,0.026030150753768844,7,0.4280984555984557,0.965,0.6284571432256729,0.6181113599123852
ACN_With_B1,1,0.795,0.02100502512562814,10,0.2939712918660289,0.94,0.6117656684821267,0.6688673397085523
ACN_With_B1,2,0.81,0.031005025125628142,10,0.2785008103727715,0.95,0.6542660565651971,0.6634685789909699
ACN_With_B1,3,0.815,0.040251256281407036,8,0.27877028714107377,0.96,0.685405198401766,0.6510420203738431
ACN_With_B1,4,0.83,0.049949748743718596,8,0.2600402414486922,0.96,0.7120578180536644,0.656737980296663
ACN_With_B1,5,0.85,0.059547738693467335,6,0.24891139240506344,0.97,0.7311129624042474,0.6762747207766043
ACN_With_B1,6,0.855,0.06849246231155778,6,0.23206162876008807,0.97,0.7451644008418691,0.6042171548947785
ACN_With_B1,7,0.855,0.07688442211055277,6,0.21797058823529425,0.97,0.7567432565666963,0.6373521479879629
ACN_With_B1,8,0.86,0.0850251256281407,6,0.21019208037825066,0.97,0.7663576938733476,0.6387478507788245
ACN_With_B1,9,0.87,0.09296482412060302,6,0.20544594594594612,0.97,0.7726702319850891,0.6353064790170604
ACN_With_B1,10,0.87,0.10155778894472361,5,0.19985898070262254,0.975,0.7791921745356132,0.6305954835317253
ACN_With_B1,11,0.87,0.10894472361809045,5,0.19325184501845039,0.975,0.7815678776601601,0.6151619214469409
ACN_With_B1,12,0.87,0.11608040201005025,5,0.19293722943722957,0.975,0.7864660401783548,0.6559258523966235
ACN_Low_Adoption_20,1,0.19,0.012462311557788945,16,0.344092741935484,0.89,0.5573714585643262,0.8354698551232916
ACN_Low_Adoption_20,2,0.2,0.013115577889447236,15,0.3481992337164752,0.915,0.5634831248166582,0.8163486682877386
ACN_Low_Adoption_20,3,0.22,0.01391959798994975,14,0.35581227436823126,0.92,0.5693580750416201,0.745063736904868
ACN_Low_Adoption_20,4,0.24,0.015025125628140703,13,0.3773913043478261,0.925,0.5751848625314475,0.6986335805436462
ACN_Low_Adoption_20,5,0.265,0.016331658291457288,13,0.39587692307692324,0.925,0.5820339368169215,0.6956709020953297
ACN_Low_Adoption_20,6,0.29,0.017487437185929648,12,0.4115517241379312,0.93,0.5861466631304681,0.6623603413053617
ACN_Low_Adoption_20,7,0.325,0.018894472361809043,11,0.42378989361702146,0.935,0.5932458277240912,0.674259045719959
ACN_Low_Adoption_20,8,0.34,0.019798994974874373,11,0.4307487309644671,0.935,0.5988906908751898,0.6054810616191956
ACN_Low_Adoption_20,9,0.365,0.02085427135678392,11,0.43807228915662666,0.935,0.6044826382311101,0.6958801658349891
ACN_Low_Adoption_20,10,0.365,0.02271356783919598,11,0.45013274336283193,0.935,0.6116047252117722,0.7068618008601085
ACN_Low_Adoption_20,11,0.37,0.02422110552763819,11,0.4620020746887967,0.935,0.6157690016882158,0.6717934108641747
ACN_Low_Adoption_20,12,0.37,0.02577889447236181,11,0.4732358674463939,0.935,0.6218496745684439,0.6348275252514898
