scenario,trial,cohort_size,success_rate,median_formation_days,p95_matching_latency_seconds,isolated_students,group_balance_index,schedule_score,satisfaction_score
AS_IS_WhatsApp,1,200,0.45,4.186156932766135,,110,0.3528263946030148,0.7750035029284903,0.47979835855453834
AS_IS_WhatsApp,2,200,0.525,3.947416224853643,,95,0.3723021627497426,0.7590425063464752,0.47542698985047244
AS_IS_WhatsApp,3,200,0.45,6.00245377051752,,110,0.36445566698685483,0.7538693251087158,0.4770153154028684
AS_IS_WhatsApp,4,200,0.425,4.546366002014858,,115,0.3534911742309559,0.7544303950641865,0.4620884381592317
AS_IS_WhatsApp,5,200,0.375,6.455739613323779,,125,0.3723256709324274,0.7667931640571632,0.4874879214380013
AS_IS_WhatsApp,6,200,0.5,3.592413275182178,,100,0.35527675742870635,0.7751255648019117,0.4544916413386173
AS_IS_WhatsApp,7,200,0.525,4.400796678169013,,95,0.35740224557505407,0.7778020022018955,0.45215328014990236
AS_IS_WhatsApp,8,200,0.475,6.182865799811525,,105,0.34553116799550737,0.7842471532266724,0.48938474764715245
AS_IS_WhatsApp,9,200,0.525,5.569248338598332,,95,0.369631543803252,0.7828718995878157,0.49040930990244525
AS_IS_WhatsApp,10,200,0.4,4.595798744540454,,120,0.3439279277241626,0.7591606134326059,0.45913302732623024
AS_IS_WhatsApp,11,200,0.45,7.425388894913076,,110,0.35143188986611773,0.7614013586388154,0.4434540796268084
AS_IS_WhatsApp,12,200,0.35,3.315343884335149,,130,0.36091607993322217,0.7795967312943425,0.496087081495469
AS_IS_WhatsApp,13,200,0.475,4.7403960930327935,,105,0.370701794001432,0.7639767193423701,0.4666649224717431
AS_IS_WhatsApp,14,200,0.475,6.36513074150007,,105,0.3455995308506,0.7788120886096789,0.501226039238093
AS_IS_WhatsApp,15,200,0.5,3.9666440063709434,,100,0.35594994116569734,0.7731689596675517,0.44548282038238807
AS_IS_WhatsApp,16,200,0.45,7.03246451073338,,110,0.3522279432809917,0.7813105648793499,0.43269937908210016
AS_IS_WhatsApp,17,200,0.325,5.597121033022105,,135,0.3531524391707344,0.7645368078036819,0.43027362932038205
AS_IS_WhatsApp,18,200,0.45,3.789815517221513,,110,0.34902227858686063,0.7648216746570269,0.5333352475571481
AS_IS_WhatsApp,19,200,0.525,2.870603982108681,,95,0.3392746708995711,0.7734766234082636,0.5034485842422505
AS_IS_WhatsApp,20,200,0.4,3.740829926515794,,120,0.3474410670245743,0.7824303601741736,0.41965303490773553
AS_IS_WhatsApp,21,200,0.525,6.733302713254991,,95,0.3244101444905564,0.76616391820397,0.4922516251560645
AS_IS_WhatsApp,22,200,0.375,5.498502403148775,,125,0.3526170490630296,0.7704591027191394,0.5360468318340144
AS_IS_WhatsApp,23,200,0.55,4.18598081607367,,90,0.3651412813219497,0.7632187843891012,0.5072504424812022
AS_IS_WhatsApp,24,200,0.425,5.892646632672714,,115,0.35325423519337795,0.7599725934750481,0.39104024352410083
AS_IS_WhatsApp,25,200,0.525,5.252491314557954,,95,0.3612762116066986,0.777173233230724,0.4367111749160285
AS_IS_WhatsApp,26,200,0.55,4.590445572188365,,90,0.3571648544825614,0.7876097265587136,0.4459437975480074
AS_IS_WhatsApp,27,200,0.425,4.9975387399139795,,115,0.34604017319844765,0.7612884182922455,0.49669112787829744
AS_IS_WhatsApp,28,200,0.4,4.898109362900484,,120,0.3494130652532175,0.7606432459945892,0.40152550725664093
AS_IS_WhatsApp,29,200,0.525,4.480882171966992,,95,0.334119430014331,0.7915645136353169,0.40074185194550593
AS_IS_WhatsApp,30,200,0.375,4.465594985189884,,125,0.3652867344723665,0.7638733996006952,0.40624424911736357
AS_IS_WhatsApp,31,200,0.35,2.4131556965409864,,130,0.33265807982295703,0.7867352110676432,0.4519768382979322
AS_IS_WhatsApp,32,200,0.4,4.192884631583572,,120,0.3432479716269068,0.7853580269518888,0.5082635523582674
AS_IS_WhatsApp,33,200,0.45,3.2333353428193394,,110,0.356057345633465,0.7646323071193177,0.4454227359597532
AS_IS_WhatsApp,34,200,0.575,4.640104931102308,,85,0.33583291394568326,0.7725065345420024,0.38012378235992694
AS_IS_WhatsApp,35,200,0.45,4.297619754530078,,110,0.34220902435519285,0.7745525513103397,0.478091684351608
AS_IS_WhatsApp,36,200,0.5,4.649558943435972,,100,0.35904609492757766,0.7642715337694509,0.42414437426215335
AS_IS_WhatsApp,37,200,0.475,4.563686076848562,,105,0.36294446427186944,0.7528429284677607,0.41928982999270176
AS_IS_WhatsApp,38,200,0.5,6.504917233648281,,100,0.3565583371647694,0.7892267486722357,0.4776545214522923
AS_IS_WhatsApp,39,200,0.525,4.0525455684424205,,95,0.3560254229321939,0.7656818077548856,0.47810812743240727
AS_IS_WhatsApp,40,200,0.45,6.070081729658693,,110,0.34841128742455196,0.7547838862801357,0.4836683400558366
AS_IS_WhatsApp,41,200,0.475,4.721496385387144,,105,0.3518271368920274,0.7450652173612211,0.3605165700386057
AS_IS_WhatsApp,42,200,0.375,4.247365918923552,,125,0.359822679614655,0.7795007186621821,0.45228067322648485
AS_IS_WhatsApp,43,200,0.575,5.72961329969874,,85,0.3666539552572514,0.7792553098903083,0.45899558613261415
AS_IS_WhatsApp,44,200,0.5,5.33436113080433,,100,0.3298293456452417,0.761259700375837,0.463907147901534
AS_IS_WhatsApp,45,200,0.55,5.277278545811754,,90,0.3508132410675304,0.7780734552722981,0.45428242984427836
AS_IS_WhatsApp,46,200,0.35,5.038054719109754,,130,0.33466417213247013,0.7808991332156927,0.46121167628176557
AS_IS_WhatsApp,47,200,0.475,5.504030561984525,,105,0.35761202464711483,0.7793876087688609,0.48673584754116594
AS_IS_WhatsApp,48,200,0.4,4.234782280905874,,120,0.3371658107185916,0.7791059213289444,0.4496665791621025
AS_IS_WhatsApp,49,200,0.475,4.089424691292111,,105,0.33883598495892686,0.7708983614792734,0.4628718145301371
AS_IS_WhatsApp,50,200,0.5,5.903263875447495,,100,0.3449871336270885,0.7749209570891576,0.37845022648533866
AS_IS_WhatsApp,51,200,0.425,6.105391497090129,,115,0.3438053112346625,0.7657482683488315,0.40922094952546495
AS_IS_WhatsApp,52,200,0.6,4.541569695285899,,80,0.3583828250139235,0.7771241017320749,0.43433013479340526
AS_IS_WhatsApp,53,200,0.375,4.213771559868896,,125,0.33341727148440276,0.7886391933648664,0.47993867909015836
AS_IS_WhatsApp,54,200,0.375,5.782151225933535,,125,0.36970318127418655,0.7751073132798674,0.5244691246426987
AS_IS_WhatsApp,55,200,0.375,5.523333049128433,,125,0.365021748839172,0.7732130231639733,0.4486216867346329
AS_IS_WhatsApp,56,200,0.575,4.992166398806731,,85,0.3392291494172688,0.777703771679791,0.4467142875698841
AS_IS_WhatsApp,57,200,0.325,7.522632161749643,,135,0.34154193258529675,0.7933200312040919,0.5076577982854904
AS_IS_WhatsApp,58,200,0.55,5.111574382393464,,90,0.3561110727778899,0.7677201772205485,0.5249414125525733
AS_IS_WhatsApp,59,200,0.45,4.338680856134552,,110,0.3444949297493032,0.767796822533066,0.44765030531557926
AS_IS_WhatsApp,60,200,0.45,4.374803555608957,,110,0.3477464525714318,0.7413273216899242,0.48984599728912
AS_IS_WhatsApp,61,200,0.5,5.0674973272303205,,100,0.3498413348754208,0.7733372465054249,0.4725607564767364
AS_IS_WhatsApp,62,200,0.4,3.955711341383407,,120,0.36913179627976966,0.7786085295540488,0.43202925048037166
AS_IS_WhatsApp,63,200,0.4,3.2953378622267167,,120,0.37786652691558054,0.7756000014828093,0.46770764926111513
AS_IS_WhatsApp,64,200,0.35,4.952683418311596,,130,0.3627604898404391,0.7833947967418884,0.48900570092846307
AS_IS_WhatsApp,65,200,0.5,6.257903490606834,,100,0.3439054453563837,0.7789183711737365,0.42997825065107226
AS_IS_WhatsApp,66,200,0.375,4.876035602463266,,125,0.34890879672417374,0.7801152031941555,0.38236978827108553
AS_IS_WhatsApp,67,200,0.575,5.4894466546519745,,85,0.34750260485257056,0.7719857634016809,0.5330994777201713
AS_IS_WhatsApp,68,200,0.625,6.169662958072306,,75,0.3533629354462611,0.7643527216110223,0.45483124528367225
AS_IS_WhatsApp,69,200,0.475,6.8872781039856985,,105,0.3495562410623727,0.7588988090124815,0.3878223487867412
AS_IS_WhatsApp,70,200,0.3,4.271417119094004,,140,0.37706438459070035,0.7799869414444168,0.4419607172492951
AS_IS_WhatsApp,71,200,0.4,5.072171793844138,,120,0.34476635567338115,0.7634943400891918,0.4347475111413438
AS_IS_WhatsApp,72,200,0.475,4.4945307203395295,,105,0.35446223318908177,0.7517837193711674,0.4607573566437945
AS_IS_WhatsApp,73,200,0.4,3.3947498236916083,,120,0.32944246015351863,0.7581837530386168,0.42087316140460557
AS_IS_WhatsApp,74,200,0.55,4.525603602188342,,90,0.37135362175087155,0.7728261643518187,0.44871522001275205
AS_IS_WhatsApp,75,200,0.475,5.528025194525748,,105,0.3604683813397783,0.7641939191025837,0.43432806630261056
AS_IS_WhatsApp,76,200,0.45,5.421154193105009,,110,0.33556125623189065,0.7842047913216316,0.465546802705598
AS_IS_WhatsApp,77,200,0.525,4.692373195216507,,95,0.36199075044715645,0.7657425150007443,0.381603907270564
AS_IS_WhatsApp,78,200,0.475,4.608928164327072,,105,0.3386351419383442,0.7808834129823508,0.4920280775398799
AS_IS_WhatsApp,79,200,0.5,4.770889504289153,,100,0.3652865473411633,0.7631716977612686,0.4495847691199879
AS_IS_WhatsApp,80,200,0.35,3.635677814164822,,130,0.34343333638184215,0.7772400386540717,0.4166948403519106
AS_IS_WhatsApp,81,200,0.6,4.103133002707343,,80,0.3421700009256418,0.7672400164253126,0.3986462943439823
AS_IS_WhatsApp,82,200,0.475,5.001511638002544,,105,0.3498959886890176,0.779877867043886,0.4764297334704791
AS_IS_WhatsApp,83,200,0.55,3.076306502207994,,90,0.36831698073950486,0.7737051957809223,0.5005794113269679
AS_IS_WhatsApp,84,200,0.55,4.365226183557992,,90,0.3518801459116422,0.7581707899690029,0.48737899781673544
AS_IS_WhatsApp,85,200,0.55,5.303356547684522,,90,0.3353264185629342,0.7687906087127587,0.5046623858792636
AS_IS_WhatsApp,86,200,0.475,4.816924222761899,,105,0.37699295733525073,0.7655272324399596,0.5029055769776039
AS_IS_WhatsApp,87,200,0.5,3.854094770167106,,100,0.36244021039436236,0.7954985288204106,0.4374009254900807
AS_IS_WhatsApp,88,200,0.375,4.223975795489967,,125,0.33893594663688653,0.7551329707159542,0.5026945804069034
AS_IS_WhatsApp,89,200,0.35,3.343942485922576,,130,0.3432679827613685,0.7767872833042653,0.47611467387066153
AS_IS_WhatsApp,90,200,0.45,5.329920758452359,,110,0.36938823522390196,0.7549583417813587,0.3668962635788604
AS_IS_WhatsApp,91,200,0.475,5.484662416869068,,105,0.3570628834906344,0.7845021691493498,0.4477855244234342
AS_IS_WhatsApp,92,200,0.35,6.562609191545892,,130,0.3490277100464815,0.7739107810266077,0.46977331579016707
AS_IS_WhatsApp,93,200,0.525,5.971697846239782,,95,0.35416844503692546,0.7714697251983405,0.44689723656331426
AS_IS_WhatsApp,94,200,0.525,4.999367238448162,,95,0.3456208049120588,0.7759325705999227,0.4583332223266094
AS_IS_WhatsApp,95,200,0.525,5.471613971987671,,95,0.34732985726509835,0.7754702014898038,0.4555132959020258
AS_IS_WhatsApp,96,200,0.575,3.3114900107727716,,85,0.35714193651729903,0.7601478726843538,0.4842956013679353
AS_IS_WhatsApp,97,200,0.55,5.280950910019539,,90,0.3726718640844149,0.8030252054283185,0.5090725472719804
AS_IS_WhatsApp,98,200,0.55,5.887274377683923,,90,0.3443126845882168,0.7832385796169328,0.4509284418849076
AS_IS_WhatsApp,99,200,0.475,3.9076129905253785,,105,0.34878671420785123,0.7840817042723783,0.41970774221413476
AS_IS_WhatsApp,100,200,0.5,3.2224999844148168,,100,0.34938337745346737,0.7895726905642196,0.4738718372673387
AS_IS_WhatsApp,101,200,0.4,6.096245774637801,,120,0.35281494958930143,0.7752163027343304,0.4232679448364918
AS_IS_WhatsApp,102,200,0.5,4.4760970674385465,,100,0.36766651257297145,0.7583825728636746,0.5126785330190726
AS_IS_WhatsApp,103,200,0.425,4.879881217708887,,115,0.34369922214781035,0.7929835226480526,0.4693450857888722
AS_IS_WhatsApp,104,200,0.575,3.8559845052855564,,85,0.3660817051184839,0.7703290540991117,0.46813735692960134
AS_IS_WhatsApp,105,200,0.475,6.41344167946087,,105,0.3675780240893775,0.7662231642714059,0.4216052417597514
AS_IS_WhatsApp,106,200,0.525,5.174685642356937,,95,0.31528290779266843,0.7819544275681134,0.49418027442068124
AS_IS_WhatsApp,107,200,0.45,4.623543242644335,,110,0.35213699208688415,0.7443483528049175,0.45248446338064463
AS_IS_WhatsApp,108,200,0.275,4.7059771151973315,,145,0.3581162863773908,0.7991574843286293,0.4742706973903491
AS_IS_WhatsApp,109,200,0.45,5.580298561199079,,110,0.36608163198294374,0.7829531205577998,0.4961945386423893
AS_IS_WhatsApp,110,200,0.5,3.2739907846204517,,100,0.33975779769469816,0.7521673275374333,0.4812832859582969
AS_IS_WhatsApp,111,200,0.575,4.948968751053619,,85,0.35560648016458263,0.7555419809410602,0.47088156926434344
AS_IS_WhatsApp,112,200,0.55,4.8699009296611955,,90,0.3627239797172278,0.7996179520432614,0.45097184958611247
AS_IS_WhatsApp,113,200,0.55,3.204725687377784,,90,0.37372850406045266,0.7800908436942046,0.44522394447237656
AS_IS_WhatsApp,114,200,0.575,5.084597492209396,,85,0.3349916173457787,0.772456848334851,0.46479972864808744
AS_IS_WhatsApp,115,200,0.6,4.718514431828355,,80,0.35198837196240307,0.79166577608062,0.49778196894542664
AS_IS_WhatsApp,116,200,0.425,3.337040624114069,,115,0.3580853672628197,0.7932555097226405,0.3984689266894138
AS_IS_WhatsApp,117,200,0.45,3.212642070882078,,110,0.3559165931475304,0.7658389604736665,0.4887137405478414
AS_IS_WhatsApp,118,200,0.6,5.291913413375283,,80,0.3486166729746581,0.7576542552895301,0.5022901084086382
AS_IS_WhatsApp,119,200,0.65,4.210524076621734,,70,0.3235613929052701,0.7730354125200212,0.40896236373919803
AS_IS_WhatsApp,120,200,0.425,4.011361915920924,,115,0.36610131711932986,0.7549559372225143,0.4305966498457595
ACN_Baseline,1,200,1.0,0.44900221846638055,0.23377144718638615,70,0.6218873710954325,0.7825469084637575,0.8794681680925613
ACN_Baseline,2,200,1.0,0.34768829077890934,0.22807718121834913,65,0.6423455037436421,0.7733294621340003,0.848105035790926
ACN_Baseline,3,200,1.0,0.4397786210948648,0.2303430820054931,70,0.6984263849619773,0.7515155601048602,0.875123810814725
ACN_Baseline,4,200,1.0,0.5740856048637712,0.2478120635776671,60,0.6381861468239328,0.8000071376125906,0.843676967942591
ACN_Baseline,5,200,0.9655172413793104,0.5999010425526409,0.2316147326937947,60,0.6478681336342748,0.7699053392677316,0.9090146694392401
ACN_Baseline,6,200,0.9629629629629629,0.388471143021589,0.24835227521228673,70,0.588374005823204,0.7650095413523821,0.8558469625351006
ACN_Baseline,7,200,0.9642857142857143,0.5136012264265385,0.23898819432045465,65,0.6288301070523986,0.7273484313345258,0.8481748691388864
ACN_Baseline,8,200,0.9655172413793104,0.49694625361518197,0.23068295046303397,60,0.6284264356201452,0.7680303829320596,0.8211787247146755
ACN_Baseline,9,200,0.9655172413793104,0.41553625178011944,0.24271729696049862,60,0.6368040651456235,0.7853299935825501,0.9369802833141485
ACN_Baseline,10,200,1.0,0.4949823685766387,0.23348901294896854,65,0.6858328754275888,0.7979096331917305,0.8575712691786896
ACN_Baseline,11,200,0.9666666666666667,0.4320067325091235,0.23985765068629894,55,0.641967470091988,0.7505111876570645,0.8582847617261724
ACN_Baseline,12,200,1.0,0.40879527824740275,0.23288433873346126,60,0.6533147409465642,0.7587800543212476,0.9272300371581189
ACN_Baseline,13,200,0.9615384615384616,0.6523974743961377,0.2502804850534154,75,0.695108637388953,0.7949395731590699,0.8952000420891234
ACN_Baseline,14,200,0.9310344827586207,0.278501353166363,0.21771934080130786,65,0.6495479626253892,0.7721675518409207,0.849634868385798
ACN_Baseline,15,200,0.96,0.47326076101298575,0.25288886932996507,80,0.6880410179580765,0.7722505626059835,0.9101749049553886
ACN_Baseline,16,200,0.9655172413793104,0.4874172655801709,0.25130022288635556,60,0.6031940694537257,0.7616753684080834,0.8259895586913701
ACN_Baseline,17,200,1.0,0.3773383506974385,0.23650533273499957,60,0.6504484224966418,0.7703540624620256,0.8559207206440194
ACN_Baseline,18,200,1.0,0.4243396900922125,0.2526418175341998,50,0.641601372054833,0.7695726915037628,0.8564902292500385
ACN_Baseline,19,200,0.9310344827586207,0.36422202542101023,0.2630376099945383,65,0.6429681814520392,0.7717712215662517,0.9048390072488722
ACN_Baseline,20,200,0.9655172413793104,0.4924320280609149,0.21617725128069096,60,0.6157868558516829,0.7789434836268573,0.8213805635784263
ACN_Baseline,21,200,1.0,0.2686002894153416,0.2601341661769599,60,0.6648357387156875,0.7946847591190068,0.9223574107971648
ACN_Baseline,22,200,0.9285714285714286,0.479503197481991,0.26851630619766254,70,0.6410842287643705,0.7984612322715406,0.8549030686161311
ACN_Baseline,23,200,0.9354838709677419,0.5248940397754447,0.24664017983998668,55,0.5962034823311775,0.7662906324110487,0.878403227243002
ACN_Baseline,24,200,0.9310344827586207,0.4870862092491893,0.2864263866246572,65,0.6423344061778411,0.785015435905341,0.8509665172037272
ACN_Baseline,25,200,0.9666666666666667,0.3131426721799229,0.2483297128542788,55,0.6704051386600512,0.7790059178138252,0.8324554843480444
ACN_Baseline,26,200,0.9333333333333333,0.3015908377229809,0.23826625766633475,60,0.6668477581227273,0.7378250658119024,0.9100596709581416
ACN_Baseline,27,200,0.9259259259259259,0.706491097009135,0.2409579673850329,75,0.6537163492861241,0.7750828179068081,0.860681884766107
ACN_Baseline,28,200,0.9354838709677419,0.5941586662981149,0.23268447685201338,55,0.6364591751434489,0.7813010131957596,0.9260798290271992
ACN_Baseline,29,200,0.9310344827586207,0.347781651770248,0.2487165097403048,65,0.6508222096135435,0.7980928305540654,0.8693448165389069
ACN_Baseline,30,200,1.0,0.5339388074823029,0.23219567311906758,50,0.6078507018890963,0.7328068160744956,0.8875048498065662
ACN_Baseline,31,200,1.0,0.4742112102213271,0.21791471263818282,55,0.6476117362924836,0.7685045621332249,0.8431545279030199
ACN_Baseline,32,200,0.9259259259259259,0.5170508633267358,0.26116291955427806,75,0.6314503412729904,0.7738135622258001,0.8928428994847404
ACN_Baseline,33,200,0.9629629629629629,0.6699892966708783,0.24462978131337787,70,0.6050661783220893,0.7905972941991126,0.8118355153318899
ACN_Baseline,34,200,0.9333333333333333,0.4823707409923077,0.2478736224530794,60,0.6487223533247666,0.7641936232983356,0.9141869523886831
ACN_Baseline,35,200,0.9310344827586207,0.6859372190840217,0.2502960562565894,65,0.6696839477112205,0.7781988799747709,0.8682690498839456
ACN_Baseline,36,200,0.9666666666666667,0.600878428988015,0.24877201791239673,55,0.6821078845430747,0.7674930099305146,0.9107762959270314
ACN_Baseline,37,200,1.0,0.34577838237971764,0.2449077866507865,65,0.5751929257033755,0.7511708828027087,0.8156515672194995
ACN_Baseline,38,200,1.0,0.4277532277116484,0.2269791134114481,60,0.687470977971248,0.7638516334418958,0.8095121274262629
ACN_Baseline,39,200,0.8709677419354839,0.6157753289844649,0.2645710841935335,65,0.6058367507051328,0.7672567394022057,0.9035972246433942
ACN_Baseline,40,200,0.9655172413793104,0.6063015564035161,0.22826606189581025,60,0.6496975677654171,0.7911254116480081,0.8268389373031457
ACN_Baseline,41,200,1.0,0.8144877353628482,0.26558375143498286,55,0.6105252362550724,0.7769702765154903,0.779093236072542
ACN_Baseline,42,200,0.9310344827586207,0.33370996010542386,0.23226201997404639,65,0.7038063399938381,0.7415019485742104,0.7741000759496888
ACN_Baseline,43,200,0.9354838709677419,0.7210616651499667,0.26236212570882284,55,0.6547513417116372,0.7998615146174897,0.8737438255346153
ACN_Baseline,44,200,0.967741935483871,0.396007877856005,0.22704868074271795,50,0.6392214857786668,0.7759659930490095,0.8408038436498647
ACN_Baseline,45,200,0.9310344827586207,0.5906149308444453,0.2582834120596046,65,0.6205198900700258,0.7740140564206993,0.9197080665324172
ACN_Baseline,46,200,0.9642857142857143,0.4965986256035349,0.24879696940459495,65,0.6082085809449389,0.7571084781438818,0.8540144525430701
ACN_Baseline,47,200,0.8461538461538461,0.49656178810326884,0.23158514576900832,90,0.6326459710617024,0.7768915108934011,0.8733816875567751
ACN_Baseline,48,200,1.0,0.31401988662411284,0.24006165761941523,55,0.6286238134194913,0.7830204466746196,0.8539740013745205
ACN_Baseline,49,200,1.0,0.47477405503072223,0.23435146067350782,60,0.6227052234342587,0.7749657281093122,0.8869694135330469
ACN_Baseline,50,200,0.9655172413793104,0.9500666343843771,0.23400809467215986,60,0.6862592223254356,0.7827372654818616,0.8896235476740143
ACN_Baseline,51,200,0.9310344827586207,0.4649677218189833,0.2294158382741021,65,0.6793600585950239,0.7576321048504301,0.9157498610443382
ACN_Baseline,52,200,1.0,0.6482460753481034,0.2319505107730937,55,0.6184091025264108,0.7788955376200669,0.8742988956950919
ACN_Baseline,53,200,0.9655172413793104,0.336580943039586,0.24256756685546144,60,0.5897908027551763,0.7811502190049988,0.8485336512061191
ACN_Baseline,54,200,0.9333333333333333,0.39426876127332755,0.25014242115525326,60,0.6148846707710507,0.7868372205435962,0.8026010574988516
ACN_Baseline,55,200,0.967741935483871,0.43250950042268377,0.22399452054077823,50,0.6262672802978339,0.7612775735312893,0.8214857278894278
ACN_Baseline,56,200,1.0,0.47310032424496173,0.2354199245551622,45,0.6323033980779399,0.7780936288954629,0.8668827617403901
ACN_Baseline,57,200,0.9,0.29054314911415113,0.2547928526668598,65,0.6221470057251686,0.7718051269796008,0.833328118134517
ACN_Baseline,58,200,1.0,0.36415772867270624,0.2291379196135566,55,0.6335630647189541,0.7710771625837513,0.8400866302404194
ACN_Baseline,59,200,0.9655172413793104,0.40413059331196144,0.22402955100534105,60,0.6829244066266077,0.7955641011744194,0.8178302158708252
ACN_Baseline,60,200,0.9696969696969697,0.28750927668855936,0.25395218385159196,40,0.6358265208842067,0.7634733869824898,0.8515642089058981
ACN_Baseline,61,200,0.9285714285714286,0.29256670762951764,0.2267266189349763,70,0.6089168163322662,0.7667764571733927,0.8011960466513779
ACN_Baseline,62,200,0.9285714285714286,0.4961926089547647,0.22462040670431296,70,0.634179107884438,0.7702341967122592,0.8636535864746343
ACN_Baseline,63,200,1.0,0.5070088713699099,0.23109903478556276,50,0.6494357174527856,0.7565442622261782,0.8770540745943146
ACN_Baseline,64,200,0.9655172413793104,0.4077259299970146,0.24818284037180527,60,0.6054252856707707,0.7825326540847125,0.8429060827358021
ACN_Baseline,65,200,0.9642857142857143,0.38906509076385176,0.26020235081767507,65,0.6406010709050725,0.7994246158563394,0.9208899040209252
ACN_Baseline,66,200,0.967741935483871,0.6631772120485878,0.2791651518907723,50,0.6635804706420245,0.7596672753929793,0.8880117998958363
ACN_Baseline,67,200,0.9354838709677419,0.7584424597483206,0.23691290280671568,55,0.6397754975145287,0.8026029888175514,0.8773616419569643
ACN_Baseline,68,200,1.0,0.5298453004198354,0.23373191658467465,60,0.6096487116205233,0.7875325546036945,0.8907411008358049
ACN_Baseline,69,200,0.9655172413793104,0.5152042154034688,0.22182167531825142,60,0.6599641358772967,0.7691328656133265,0.8351074858854696
ACN_Baseline,70,200,1.0,0.4320095859827692,0.22044295225476324,60,0.5958827640166814,0.7808378822734231,0.881635530496688
ACN_Baseline,71,200,0.9655172413793104,0.4405980528242563,0.2202420639161784,60,0.6317020098838295,0.762376518192282,0.7886107108613017
ACN_Baseline,72,200,1.0,0.3094923572235108,0.23809994884340674,65,0.6421174677056584,0.7601813538182375,0.8572016283169002
ACN_Baseline,73,200,0.9310344827586207,0.569046424114396,0.24182476184543986,65,0.6062114823986707,0.7668609139532109,0.8468401977930484
ACN_Baseline,74,200,1.0,0.44988996547845994,0.24909977269369815,50,0.6346319982728789,0.7692422682802016,0.7842877009604271
ACN_Baseline,75,200,0.9333333333333333,0.4131270115951452,0.22302474585308682,60,0.5994892842971841,0.7843752588828321,0.8719137714531003
ACN_Baseline,76,200,0.9642857142857143,0.528090266109911,0.23520774582472992,65,0.6576545499700481,0.7525204444107102,0.8595255983416341
ACN_Baseline,77,200,0.9310344827586207,0.63025859645895,0.2414104593409421,65,0.6119829901422847,0.7594796577106394,0.8245153757817395
ACN_Baseline,78,200,0.9642857142857143,0.33991538650801056,0.24595148054951427,65,0.6047002664326386,0.7552367136422057,0.8901147641250075
ACN_Baseline,79,200,1.0,0.36645268942448583,0.23466824343841491,55,0.6381971927894811,0.793860676639811,0.8839115735971069
ACN_Baseline,80,200,1.0,0.3234398431478055,0.22566076922062475,60,0.6594701886501834,0.7721841534632864,0.8118596306384722
ACN_Baseline,81,200,0.9285714285714286,0.43007424800350064,0.2543556182697949,70,0.6019375434731205,0.7862232384393799,0.8031128791310901
ACN_Baseline,82,200,0.9655172413793104,0.48334112222843567,0.23278939656936865,60,0.5707666089029133,0.7555392466679296,0.8041947735162743
ACN_Baseline,83,200,1.0,0.6237641655852114,0.2490583392408365,45,0.594683316250921,0.7602876604276546,0.786801101271784
ACN_Baseline,84,200,0.9032258064516129,0.2853124809889031,0.23711773740031683,60,0.6013181410045273,0.7585492908881105,0.8537054207783492
ACN_Baseline,85,200,0.9310344827586207,0.5239890400899421,0.2251092638400247,65,0.6281203129229741,0.7839439715831262,0.8217156639431569
ACN_Baseline,86,200,0.9666666666666667,0.35993117234259425,0.24128787729899095,55,0.6195238340272815,0.7797909130103289,0.8502177300528294
ACN_Baseline,87,200,1.0,0.5690312067508008,0.23674512147921178,65,0.623674722348874,0.7644997835726033,0.8697521308051198
ACN_Baseline,88,200,0.9333333333333333,0.3698737221587153,0.21983656708022312,60,0.6316045345233837,0.7789180178725168,0.8260824535736632
ACN_Baseline,89,200,0.9655172413793104,0.46512318518467255,0.25058746909955404,60,0.6279178344750548,0.7561917961450042,0.8664841997066066
ACN_Baseline,90,200,0.8888888888888888,0.4083609858431031,0.24429116197928705,80,0.6434700301735465,0.777974260916203,0.8694014086378037
ACN_Baseline,91,200,1.0,0.6093293601895541,0.25439406138514054,55,0.5760797501762729,0.7649075415733941,0.7611099168352358
ACN_Baseline,92,200,0.896551724137931,0.4010135666350131,0.24181034854792605,70,0.6260863067542072,0.7655115087025544,0.8241421535324648
ACN_Baseline,93,200,0.9375,0.627675592314775,0.252177685803697,50,0.6440868596010441,0.7773217202217444,0.7952220704077034
ACN_Baseline,94,200,1.0,0.35454477608412815,0.24502310191055524,55,0.6609078207959271,0.7989881163090043,0.8813650143818395
ACN_Baseline,95,200,0.9642857142857143,0.5155287678936582,0.24538737061361432,65,0.6337334051072325,0.7695831159012761,0.8471486830459795
ACN_Baseline,96,200,0.967741935483871,0.4160337547017654,0.24197384953381249,50,0.6677019605363604,0.7778348957422704,0.8861100799756074
ACN_Baseline,97,200,1.0,0.29808582642659986,0.2555429877268048,55,0.6390248900530782,0.7811719298448073,0.8982465836218821
ACN_Baseline,98,200,0.9655172413793104,0.3388718447093898,0.23137151475243933,60,0.7099576761095356,0.7462075150252645,0.9303396864047055
ACN_Baseline,99,200,0.9354838709677419,0.31453429500628616,0.2534438524696376,55,0.6039343205743367,0.7795069050047497,0.8381112641001384
ACN_Baseline,100,200,1.0,0.7664542497016759,0.2589661251169762,50,0.6785227061805705,0.7843928355943446,0.8355496468012868
ACN_Baseline,101,200,0.8666666666666667,0.4534848801482031,0.24858895316546498,70,0.599006730368736,0.7703766026721036,0.8513551166800357
ACN_Baseline,102,200,0.8928571428571429,0.4379906470291212,0.24319858656533716,75,0.6591274498462777,0.7827820950998016,0.8496478948354724
ACN_Baseline,103,200,0.9642857142857143,0.39913071904791225,0.22721105176772072,65,0.6272527889510544,0.7757344944561213,0.8595622220282954
ACN_Baseline,104,200,1.0,0.2610957929341896,0.23434225186431556,55,0.6434364259798343,0.7773279644283436,0.9018253867211692
ACN_Baseline,105,200,0.9354838709677419,0.42274781905040004,0.22892103629904786,55,0.6460668375677895,0.7759468004429982,0.8498509354798617
ACN_Baseline,106,200,0.9666666666666667,0.6350384257546123,0.23229176993914424,55,0.6130050166335196,0.7949711946459588,0.8377183096608088
ACN_Baseline,107,200,0.9655172413793104,0.3804614906723494,0.2567187340620074,60,0.6247775453281863,0.7684337821751105,0.9101961267880625
ACN_Baseline,108,200,0.9666666666666667,0.5054412953268079,0.24335764922348257,55,0.6375028348716775,0.7675117543717173,0.8861450322074206
ACN_Baseline,109,200,0.9655172413793104,0.28331322441801554,0.23308607306866905,60,0.6055339941830062,0.7715088479308638,0.8075168413173354
ACN_Baseline,110,200,0.9629629629629629,0.30976953689641457,0.24804811774719476,70,0.6798370722707938,0.7592479212867014,0.8652660598243807
ACN_Baseline,111,200,1.0,0.5204859522219871,0.26470281645854343,55,0.6456143710546358,0.7547652402905265,0.8490637127390266
ACN_Baseline,112,200,0.896551724137931,0.4301590402242468,0.259354680628768,70,0.5929893299978185,0.7778659991907811,0.8512369121561816
ACN_Baseline,113,200,0.9655172413793104,0.32184752032504704,0.2731977941775616,60,0.6287945687043163,0.781073381854409,0.8332233210060244
ACN_Baseline,114,200,0.9629629629629629,0.4893519435600478,0.23246981229613053,70,0.6537672785941573,0.7656687448132081,0.8869077084936406
ACN_Baseline,115,200,0.9310344827586207,0.39433694816761267,0.2718809297515013,65,0.6381242239663788,0.7693433211636262,0.8214811704919214
ACN_Baseline,116,200,0.9655172413793104,0.4276521782891912,0.25193285523753656,60,0.5879526782268854,0.7787303401573925,0.8488647920295478
ACN_Baseline,117,200,0.9354838709677419,0.30009498263840223,0.2422014950252534,55,0.5859952878527168,0.7685188338391815,0.8223778924711566
ACN_Baseline,118,200,1.0,0.39833811118483076,0.23101766948358848,55,0.6684925090652918,0.7700644312771251,0.8678819202978665
ACN_Baseline,119,200,0.9629629629629629,0.6366628164442021,0.23645419237140036,70,0.687731052321964,0.7737775339937867,0.8775810040516512
ACN_Baseline,120,200,1.0,0.41322906407574866,0.2468940669769814,55,0.6505935576897143,0.7680069852412142,0.8505688352574221
ACN_Optimized_B1,1,200,0.9696969696969697,0.6311401366896618,0.171471467964792,40,0.6058771524695897,0.7894623398803683,0.8216837326390143
ACN_Optimized_B1,2,200,0.9705882352941176,0.43590955196904774,0.1743211396954355,35,0.6351229484117584,0.7638209499533803,0.8688766372240457
ACN_Optimized_B1,3,200,0.9393939393939394,0.36857544765259653,0.18086980792580878,45,0.6428163396272727,0.7550516570387279,0.8684437873743143
ACN_Optimized_B1,4,200,1.0,0.5063473765299654,0.1849403282150152,40,0.6036100995069983,0.7620576818053031,0.887141429970138
ACN_Optimized_B1,5,200,1.0,0.4527908896721923,0.2007337529942574,40,0.6326912430220398,0.7863277924973027,0.8441138011160918
ACN_Optimized_B1,6,200,1.0,0.6176960774770921,0.1846283828940085,35,0.6204380078565505,0.7651959934153758,0.86890020292479
ACN_Optimized_B1,7,200,0.9696969696969697,0.38072998937741165,0.17566589953644882,40,0.6601213976790923,0.7603623572622915,0.8088480230199518
ACN_Optimized_B1,8,200,0.9705882352941176,0.2857329205964631,0.17999800155561171,35,0.6075074701506245,0.7564311699430484,0.8758041354254142
ACN_Optimized_B1,9,200,0.9705882352941176,0.37847743678824497,0.19373814390006258,35,0.6377558847257144,0.7859134765749737,0.8185988257834891
ACN_Optimized_B1,10,200,0.9705882352941176,0.4520231932827311,0.19003645451261603,35,0.6421629861354583,0.7762192102800842,0.8475404352364073
ACN_Optimized_B1,11,200,1.0,0.32601570145429193,0.18892659251294328,35,0.6166443493632758,0.7621126254803648,0.86683778091623
ACN_Optimized_B1,12,200,0.967741935483871,0.2339068238745723,0.17872743713181222,50,0.6274872949449608,0.7919555053123137,0.8763697775444645
ACN_Optimized_B1,13,200,0.96875,0.5013621884550276,0.19764024399326083,45,0.6090350612777276,0.7733747495350862,0.7991459029215752
ACN_Optimized_B1,14,200,1.0,0.3676020708773747,0.1838093116344548,30,0.6013424694810136,0.7523442209297198,0.9310533712684196
ACN_Optimized_B1,15,200,1.0,0.46918731319509854,0.21738238320295816,40,0.6152295485955226,0.7765228548811235,0.8500905627737503
ACN_Optimized_B1,16,200,1.0,0.5065794876677221,0.17696358818566366,45,0.6340594188850921,0.7686883376738898,0.9100112059225355
ACN_Optimized_B1,17,200,1.0,0.5142260555602662,0.1868442713417636,45,0.6815227736413267,0.7884059146662171,0.8792263243696236
ACN_Optimized_B1,18,200,1.0,0.5195490457661959,0.19532699336240614,45,0.6139583870714453,0.7665132216660278,0.8268919682822419
ACN_Optimized_B1,19,200,1.0,0.6405588285393519,0.17920020279131818,35,0.5993861656394149,0.7802591028466731,0.8455120411744131
ACN_Optimized_B1,20,200,0.96875,0.4318341757361944,0.19669661231885818,45,0.6849002167689271,0.7865858384594603,0.8596772665285791
ACN_Optimized_B1,21,200,1.0,0.7291220562809353,0.2215343878224423,35,0.6292267108999825,0.7834090894072205,0.9182383191222824
ACN_Optimized_B1,22,200,1.0,0.44552477939849217,0.20440460175146755,30,0.6523938575020979,0.7690812926665881,0.892772983707725
ACN_Optimized_B1,23,200,0.9705882352941176,0.3734607165481873,0.1831239117171576,35,0.621640230707362,0.7838548683455406,0.8538249319915733
ACN_Optimized_B1,24,200,1.0,0.3823683528364213,0.17951216715665858,25,0.6381465793505515,0.7578997897408297,0.882978553048157
ACN_Optimized_B1,25,200,1.0,0.3453701536865652,0.19256333865782013,40,0.6389152319079405,0.7881594333488398,0.9257885630031976
ACN_Optimized_B1,26,200,0.9393939393939394,0.36409863548954235,0.19073991553796402,45,0.6302384848881238,0.7681751683140233,0.88418553111909
ACN_Optimized_B1,27,200,1.0,0.4422665585690234,0.19139475153050275,35,0.6479535697907296,0.765987953785005,0.8885655436786353
ACN_Optimized_B1,28,200,1.0,0.5274426846718684,0.18746649888263925,30,0.6465175971155851,0.773804802860572,0.9299110491221295
ACN_Optimized_B1,29,200,0.9393939393939394,0.26495470532003335,0.18371553293989976,45,0.6519997364749591,0.7656432123656844,0.8511341940758622
ACN_Optimized_B1,30,200,1.0,0.30090297707321184,0.19002000059875532,35,0.6511585242598809,0.7856425886209529,0.9487703729584742
ACN_Optimized_B1,31,200,0.9714285714285714,0.2605577930090225,0.20606056817099472,30,0.6307705290920514,0.7612471803873757,0.8665897942474843
ACN_Optimized_B1,32,200,0.9714285714285714,0.43191399745559794,0.18129169475410636,30,0.6336526778221571,0.7797290865052304,0.835713686890373
ACN_Optimized_B1,33,200,1.0,0.3320087646941072,0.18025983638697615,30,0.6428686824424988,0.7701201035657482,0.9096739300400027
ACN_Optimized_B1,34,200,0.967741935483871,0.24845603512068917,0.177006777918358,50,0.601945596358662,0.7842146321484585,0.826273517341995
ACN_Optimized_B1,35,200,0.9705882352941176,0.6591629654317396,0.19897655295515304,35,0.632354431899414,0.7773477317895345,0.8832774800781861
ACN_Optimized_B1,36,200,0.9696969696969697,0.3407197444900755,0.17578705792026753,40,0.6513888472917505,0.7684299051578178,0.8917797350490192
ACN_Optimized_B1,37,200,0.96875,0.25169127209344666,0.17526264766084718,45,0.6333904777122985,0.7611264602294308,0.827665580054305
ACN_Optimized_B1,38,200,1.0,0.5399879766226015,0.18147260182581076,35,0.6435420889485131,0.7901481095720357,0.9271355579519109
ACN_Optimized_B1,39,200,0.9696969696969697,0.5184868621157463,0.1967876270826577,40,0.6771092839451396,0.7771486267435238,0.9169620954982542
ACN_Optimized_B1,40,200,0.9393939393939394,0.46238403960553015,0.18677157138544098,45,0.6625689604690079,0.7827176968059012,0.8333590724689433
ACN_Optimized_B1,41,200,1.0,0.4955187680345712,0.19109446361540788,35,0.6208762442949773,0.78903127957509,0.8949610505517239
ACN_Optimized_B1,42,200,0.9090909090909091,0.48884157797218,0.18042074927996649,50,0.6524447344215513,0.78169447520356,0.8618006084080146
ACN_Optimized_B1,43,200,1.0,0.5481996517522737,0.20176253472856323,35,0.6357979740353474,0.781903694842199,0.8589752750364121
ACN_Optimized_B1,44,200,1.0,0.30903052126576375,0.20270453278361664,35,0.6127656565308606,0.7473476764577548,0.8345003208690581
ACN_Optimized_B1,45,200,0.96875,0.4806805930787824,0.18571641496736305,45,0.6099494412197555,0.7729658903515465,0.917905132779363
ACN_Optimized_B1,46,200,1.0,0.38673420360601257,0.1824813965097871,40,0.6172214730255335,0.7614883651025504,0.911885986570406
ACN_Optimized_B1,47,200,1.0,0.4765428863254766,0.19439617744728963,35,0.6206714945935536,0.7592300460718296,0.8707116249891226
ACN_Optimized_B1,48,200,0.9117647058823529,0.44514192033075617,0.19985264414722356,45,0.6218086995300299,0.779557889581624,0.8835028557153887
ACN_Optimized_B1,49,200,0.9032258064516129,0.5988800828406187,0.19423384632798849,60,0.6366457910429527,0.7765110015794406,0.8726877793423794
ACN_Optimized_B1,50,200,0.9705882352941176,0.6390924448893965,0.20166672709429653,35,0.6382829977480394,0.7597889678854369,0.8509167840493753
ACN_Optimized_B1,51,200,1.0,0.3768079975659576,0.1740580929180954,50,0.6417940284409084,0.7594959094040532,0.8777136586992116
ACN_Optimized_B1,52,200,1.0,0.5744867890675479,0.18657897135039042,40,0.616422888971533,0.7611544536825673,0.8270630376872933
ACN_Optimized_B1,53,200,0.96875,0.3594564825071373,0.19104890860749116,45,0.6353531754251962,0.7852106942603501,0.9055720044370834
ACN_Optimized_B1,54,200,1.0,0.34471682955415006,0.17040807965100496,40,0.6472376517669677,0.7787877355973596,0.8688640319369118
ACN_Optimized_B1,55,200,1.0,0.2755014145136214,0.19219007202780497,40,0.6224087437939255,0.7892246085133664,0.8976828505211755
ACN_Optimized_B1,56,200,1.0,0.478308487462768,0.193295842470997,35,0.6357972350162435,0.7914977686334648,0.870230541179712
ACN_Optimized_B1,57,200,0.96875,0.440756778260964,0.18393156725552914,45,0.6056247775821868,0.7815002964426994,0.9116152000228166
ACN_Optimized_B1,58,200,1.0,0.3694129799177705,0.19380415135488044,35,0.608008736829035,0.7638110367108228,0.8921760935616091
ACN_Optimized_B1,59,200,1.0,0.6068992018297337,0.1778293832474701,40,0.6395296100980481,0.7629227520646987,0.8884088908609611
ACN_Optimized_B1,60,200,0.9705882352941176,0.5849459098020927,0.1827500268056781,35,0.6542643094088069,0.7812580515337819,0.8322961833403938
ACN_Optimized_B1,61,200,1.0,0.3647676778501009,0.18603883195096577,35,0.648884760931671,0.7587712457407518,0.8058643398581871
ACN_Optimized_B1,62,200,0.9375,0.45388807104952306,0.1883724201377995,50,0.6507697414191812,0.7653358689859076,0.8223915800770583
ACN_Optimized_B1,63,200,1.0,0.6013823046059309,0.22367502224077054,30,0.6280935721345308,0.7980870305462042,0.8593720619761087
ACN_Optimized_B1,64,200,0.9696969696969697,0.4163389087112016,0.19643463564798325,40,0.6153744350889447,0.7565682565561785,0.8308515802623386
ACN_Optimized_B1,65,200,1.0,0.26367885183672407,0.18865038799183304,45,0.6310070024322437,0.7765975455181952,0.9771386323495767
ACN_Optimized_B1,66,200,1.0,0.5710771765554552,0.19909686392566756,45,0.6285208683787932,0.7769964715405208,0.8984007920734531
ACN_Optimized_B1,67,200,1.0,0.4980310492454548,0.1872597037823531,40,0.6309942529828493,0.7691258389649913,0.8612974291741482
ACN_Optimized_B1,68,200,1.0,0.6432418225979246,0.18017841527529824,35,0.6785741727283606,0.7818847538798245,0.8946248490656167
ACN_Optimized_B1,69,200,0.9411764705882353,0.5101073181585409,0.19871268765613365,40,0.6173952629260008,0.7729793589324344,0.8971761467931947
ACN_Optimized_B1,70,200,1.0,0.3722451916398334,0.18180646093261013,40,0.6808208840200924,0.7731325380311271,0.8414826575214766
ACN_Optimized_B1,71,200,0.9696969696969697,0.473367305330503,0.18154301811602278,40,0.6350936383263105,0.7817677542343562,0.8578329061433304
ACN_Optimized_B1,72,200,1.0,0.4691808571478096,0.18339840330902593,45,0.6421927011890068,0.7917009704102551,0.9000104947185706
ACN_Optimized_B1,73,200,0.96875,0.6359810055178637,0.18193348426730108,45,0.6608828477707138,0.7612373086739614,0.8455379880599672
ACN_Optimized_B1,74,200,0.96875,0.5541678144950449,0.1874888225636179,45,0.5681191178397748,0.7549578998970434,0.8247835192971517
ACN_Optimized_B1,75,200,0.9705882352941176,0.4367917772273886,0.18429339408246345,35,0.626679483662041,0.7773787464948925,0.8791967643189714
ACN_Optimized_B1,76,200,0.9696969696969697,0.4567419525753825,0.2029588283742167,40,0.6302926715520537,0.7660315341840391,0.8727587575051009
ACN_Optimized_B1,77,200,1.0,0.387659411510058,0.17806682274163585,25,0.6372527141098188,0.7538158277531932,0.8349805610027041
ACN_Optimized_B1,78,200,0.96875,0.5265640126669746,0.1895285173327947,45,0.5931136259677783,0.7768990662331023,0.8618665253252832
ACN_Optimized_B1,79,200,1.0,0.6266502393428369,0.20089667215620674,30,0.6087910712872194,0.7682999722242863,0.8993439979758558
ACN_Optimized_B1,80,200,1.0,0.3931067227909323,0.1978119601485519,40,0.6239168587545388,0.78712483171935,0.8553776340421012
ACN_Optimized_B1,81,200,1.0,0.48088393607010094,0.1853521461918106,45,0.6252697459897265,0.7745489646510307,0.9017532645204012
ACN_Optimized_B1,82,200,1.0,0.3467083195199923,0.18967225479774885,25,0.6716521864872165,0.7611554329658924,0.8983202924395326
ACN_Optimized_B1,83,200,1.0,0.6780404510415763,0.20060591524417026,35,0.63534201152549,0.7556540361437059,0.9007462327181786
ACN_Optimized_B1,84,200,1.0,0.33356874074647686,0.18232577324356772,40,0.6579175065530121,0.7657806193168505,0.8741323749464172
ACN_Optimized_B1,85,200,0.9705882352941176,0.4617899799649639,0.18643454455934622,35,0.5977328200675835,0.7744170057324633,0.8862285407242996
ACN_Optimized_B1,86,200,1.0,0.34174630164215697,0.19642460088656732,20,0.6088906161548502,0.7789154842593787,0.8382751424158805
ACN_Optimized_B1,87,200,0.96875,0.5840278945211557,0.1912579748884556,45,0.582144093022144,0.7588507587376454,0.8950356948107419
ACN_Optimized_B1,88,200,1.0,0.7647674283365438,0.17046002353527093,35,0.6455764924739892,0.7598803869346292,0.8812377390878493
ACN_Optimized_B1,89,200,0.9393939393939394,0.36124287267438027,0.19232794562536323,45,0.6312201041572513,0.7744545026883591,0.886276300278752
ACN_Optimized_B1,90,200,1.0,0.33103208683782204,0.187572593767313,35,0.5942338819514302,0.7967445294266636,0.8550322632183203
ACN_Optimized_B1,91,200,1.0,0.5753803224538128,0.17214352837637897,35,0.6463114897681435,0.7608460898151819,0.9127296623804271
ACN_Optimized_B1,92,200,1.0,0.44165490424117687,0.1864048155005977,45,0.6477606000645846,0.7589063111213075,0.8651464182461033
ACN_Optimized_B1,93,200,0.9393939393939394,0.37189787339725666,0.21034545560489684,45,0.6520581188314994,0.7727759927601757,0.8529198567208203
ACN_Optimized_B1,94,200,1.0,0.6208311331735461,0.1715106916532128,40,0.6243497298032479,0.7752113710940941,0.8512387902756603
ACN_Optimized_B1,95,200,1.0,0.38254094971000163,0.19669348962742542,40,0.6651867219537464,0.7692247084128214,0.8827103550327889
ACN_Optimized_B1,96,200,1.0,0.4185536016140379,0.1818390857311219,30,0.6287233918025792,0.7805199863669373,0.9370580907963407
ACN_Optimized_B1,97,200,0.9411764705882353,0.4551212982863778,0.2052092076171272,40,0.6370207394491055,0.7473914578226648,0.8617233605020238
ACN_Optimized_B1,98,200,1.0,0.3042805244728164,0.2049513186005029,40,0.6038684597999817,0.7507082682345536,0.8407454617463284
ACN_Optimized_B1,99,200,0.9393939393939394,0.6214987132776799,0.18220257266902937,45,0.6024977094742624,0.7743151610712777,0.9120966381323289
ACN_Optimized_B1,100,200,1.0,0.6732161407188346,0.19086379037538873,40,0.6945799215510697,0.7536443141977656,0.9133826181917534
ACN_Optimized_B1,101,200,0.9375,0.41156833203381304,0.17852452205002894,50,0.6734345495265397,0.7708455502598588,0.8812570311472542
ACN_Optimized_B1,102,200,0.9411764705882353,0.3605223551213957,0.19487915949204104,40,0.6438630306500188,0.7682674838641169,0.9078294044832288
ACN_Optimized_B1,103,200,1.0,0.5545382355146378,0.17965993016449025,45,0.6430340441367152,0.7687975354410795,0.9143317488936438
ACN_Optimized_B1,104,200,1.0,0.453381845553347,0.19765259100837337,35,0.6356397959748029,0.7602787958411628,0.911856654940145
ACN_Optimized_B1,105,200,1.0,0.583518092182543,0.20295250102543363,40,0.6985386613006361,0.7718480940121817,0.8723409910537447
ACN_Optimized_B1,106,200,1.0,0.5224155705259299,0.174181510934233,40,0.6274949838543564,0.7815237524331142,0.8649568390649782
ACN_Optimized_B1,107,200,1.0,0.355937595039046,0.18088169698441056,50,0.6419667634771292,0.7777995759877,0.8698710565165195
ACN_Optimized_B1,108,200,1.0,0.2929992083740591,0.17766761219582736,35,0.6605325294272837,0.7893746868984138,0.8860449228334378
ACN_Optimized_B1,109,200,1.0,0.3883636171298356,0.20031139883776541,40,0.6363563782168331,0.790491011831858,0.8529879491916539
ACN_Optimized_B1,110,200,1.0,0.40349421244384326,0.1878311959776616,40,0.6071676485299867,0.7657408845721305,0.8903773984779773
ACN_Optimized_B1,111,200,1.0,0.7812183758877509,0.18430978048736518,40,0.6026037704929369,0.7597572698827388,0.8926082334462426
ACN_Optimized_B1,112,200,0.9411764705882353,0.3037437797975914,0.1891278803298116,40,0.6225996455799213,0.7853018536252523,0.8997541810146399
ACN_Optimized_B1,113,200,1.0,0.2666718735544274,0.18183107076383997,40,0.6384672265942319,0.7701601578697463,0.8849632455759269
ACN_Optimized_B1,114,200,0.9393939393939394,0.3094380780591131,0.20914098134901155,45,0.5964961125270171,0.7751765017631096,0.8858319315373788
ACN_Optimized_B1,115,200,1.0,0.6758355971926502,0.19050199855378683,25,0.6449205737053108,0.7866133055643549,0.8421681996019413
ACN_Optimized_B1,116,200,0.9375,0.5427847493995637,0.18104199151962028,50,0.6262895002480217,0.7592731214431163,0.9219553773270064
ACN_Optimized_B1,117,200,0.9696969696969697,0.41986695585834466,0.180593410274092,40,0.6873424372391153,0.7761214774520885,0.9179720756925307
ACN_Optimized_B1,118,200,0.9666666666666667,0.5335502420635044,0.18789216215339724,55,0.66100405513612,0.7834730837095416,0.8776589040757848
ACN_Optimized_B1,119,200,1.0,0.7677773667742959,0.1981332590753525,40,0.6222584143935442,0.7737051891865039,0.867927648361306
ACN_Optimized_B1,120,200,1.0,0.4472526036750437,0.17813778130548205,40,0.5939042224187656,0.7839421650907238,0.869071786410616
ACN_LMS_Outage_Fallback,1,200,0.8888888888888888,0.5487572042932902,0.26823210172539874,80,0.6365564681341953,0.7700080840014318,0.8309999956940044
ACN_LMS_Outage_Fallback,2,200,0.7586206896551724,0.4143528562428601,0.2787080433943753,90,0.6645193347862772,0.7806162147399021,0.8217805353157669
ACN_LMS_Outage_Fallback,3,200,0.8571428571428571,0.8387111084089389,0.29029240314810156,80,0.6082066223025753,0.7838593406911352,0.7631099122031277
ACN_LMS_Outage_Fallback,4,200,0.7419354838709677,0.6858835020914515,0.31501458045899783,85,0.6579228585404678,0.7822575263370705,0.7621071734751206
ACN_LMS_Outage_Fallback,5,200,0.8214285714285714,0.6201916533443331,0.282582112973254,85,0.65369106197386,0.7816475273753261,0.7743872369046686
ACN_LMS_Outage_Fallback,6,200,0.7407407407407407,0.7017158189682344,0.2940288760367227,100,0.6188912630454536,0.8034712639081933,0.7244066855762247
ACN_LMS_Outage_Fallback,7,200,0.8064516129032258,0.6751356587423907,0.29643541308350685,75,0.6055218786298625,0.7857898871868464,0.7616544352027637
ACN_LMS_Outage_Fallback,8,200,0.896551724137931,0.5056811267152053,0.2736222725510833,70,0.6723522571127968,0.7557670037620238,0.7674272098070112
ACN_LMS_Outage_Fallback,9,200,0.7741935483870968,0.4811253360912071,0.2642740668993527,80,0.6374306654471841,0.7490043562092434,0.7811538691977046
ACN_LMS_Outage_Fallback,10,200,0.8333333333333334,0.8129532476557607,0.290074029828317,75,0.6612997391145081,0.774595065976862,0.7116798853016405
ACN_LMS_Outage_Fallback,11,200,0.7931034482758621,0.9424079155911554,0.30450095183214376,85,0.5738705717466442,0.7760779077270559,0.6563067373668625
ACN_LMS_Outage_Fallback,12,200,0.7857142857142857,0.9629140210211029,0.2684014161556467,90,0.6414244757869277,0.7843465731658836,0.7540209235343738
ACN_LMS_Outage_Fallback,13,200,0.7,0.43523998903648164,0.31094458504335376,95,0.5705942821106527,0.7870386097722144,0.7302890075884623
ACN_LMS_Outage_Fallback,14,200,0.8709677419354839,0.41549535525798503,0.2846355219311441,65,0.6283140707990537,0.7789945586890346,0.732747816592555
ACN_LMS_Outage_Fallback,15,200,0.7307692307692307,0.4455863366922233,0.27062084175323897,105,0.5505803629119396,0.7851342380890275,0.7060177801826008
ACN_LMS_Outage_Fallback,16,200,0.7307692307692307,0.5672409799947283,0.29240990492265073,105,0.6036972917833108,0.7883224506821691,0.7315227509646187
ACN_LMS_Outage_Fallback,17,200,0.8214285714285714,0.46441169374244656,0.3450875635459392,85,0.6154064319012958,0.7852465425764669,0.7675010948353818
ACN_LMS_Outage_Fallback,18,200,0.8214285714285714,0.42260164575711134,0.3366330658225365,85,0.6451049821696297,0.7801143168091913,0.746593959151177
ACN_LMS_Outage_Fallback,19,200,0.7586206896551724,0.8389629587086187,0.26898096882926165,90,0.6561287639404771,0.779253058440298,0.7698306783351317
ACN_LMS_Outage_Fallback,20,200,0.8275862068965517,0.6692395502404782,0.2883192564247093,80,0.6791880678420379,0.8154341885954974,0.6899589806703175
ACN_LMS_Outage_Fallback,21,200,0.896551724137931,0.5456821796486933,0.27459128033907243,70,0.6617368314850133,0.768315554306235,0.7702062976924693
ACN_LMS_Outage_Fallback,22,200,0.75,0.45373371750343716,0.30134121125696656,80,0.6711649681406954,0.7651287272103037,0.8167753543556574
ACN_LMS_Outage_Fallback,23,200,0.7241379310344828,0.3521085478972086,0.264290245948324,95,0.633677309157323,0.7372356794253448,0.7203254152774576
ACN_LMS_Outage_Fallback,24,200,0.6551724137931034,0.38913197120813503,0.26781907086134815,105,0.6147908558011956,0.761960847743659,0.7728255129401393
ACN_LMS_Outage_Fallback,25,200,0.8387096774193549,0.7829244176057293,0.28156791496290007,70,0.6649352280776853,0.7761512390351556,0.7467292911827771
ACN_LMS_Outage_Fallback,26,200,0.6296296296296297,0.799589965273393,0.2854304175313285,115,0.6537254958787925,0.7827702516814832,0.7635094480399597
ACN_LMS_Outage_Fallback,27,200,0.7666666666666667,0.42320395395746674,0.27886974871443876,85,0.6524790749005723,0.8059772085601963,0.7686028364889418
ACN_LMS_Outage_Fallback,28,200,0.8620689655172413,0.38668146430021555,0.28569273599276407,75,0.6627421622436246,0.7663820066581613,0.7246918706610154
ACN_LMS_Outage_Fallback,29,200,0.7407407407407407,0.5350885082045658,0.26418837079529434,100,0.6213457469544278,0.7792923420111205,0.79074232890126
ACN_LMS_Outage_Fallback,30,200,0.8928571428571429,0.7334328325362243,0.29304283711450546,75,0.6101002182934449,0.7459912084677697,0.756449674442851
ACN_LMS_Outage_Fallback,31,200,0.7,0.7404627250400893,0.27183700917560094,95,0.6710410638041551,0.7639133831509738,0.7526384248773856
ACN_LMS_Outage_Fallback,32,200,0.7666666666666667,0.5176583528212435,0.2575821230984544,85,0.6282179591835471,0.7903461267954037,0.7407830515676885
ACN_LMS_Outage_Fallback,33,200,0.8,0.7313696578965874,0.27971966827946965,80,0.6673402022631352,0.7767236458572021,0.7462987563495799
ACN_LMS_Outage_Fallback,34,200,0.7931034482758621,0.496930262482694,0.26466210657342093,85,0.6010957503457434,0.7780830718178234,0.7123816127540264
ACN_LMS_Outage_Fallback,35,200,0.8620689655172413,0.3311449690278785,0.2706642223572047,75,0.6386188541612436,0.7878543216193589,0.751127940017251
ACN_LMS_Outage_Fallback,36,200,0.8275862068965517,0.5442127983286993,0.3211267232629534,80,0.6161511364616296,0.7646417484170343,0.6721667697187901
ACN_LMS_Outage_Fallback,37,200,0.7241379310344828,0.7283701130843037,0.3081790274667647,95,0.6161169522991243,0.7698199591222668,0.7676528166021861
ACN_LMS_Outage_Fallback,38,200,0.8275862068965517,0.5389846976562702,0.2927240986379951,80,0.6577803634812857,0.7926241746167666,0.7347227564170985
ACN_LMS_Outage_Fallback,39,200,0.6896551724137931,0.5138039037413924,0.2807013750257349,100,0.6131513213232032,0.7617206646497517,0.7519277400996675
ACN_LMS_Outage_Fallback,40,200,0.7333333333333333,0.6957248714414797,0.2969887181776714,90,0.6371055535668713,0.7959178402099495,0.7891701543671954
ACN_LMS_Outage_Fallback,41,200,0.7241379310344828,0.3817859137734618,0.2880950514426206,95,0.6677034379251107,0.768164026316336,0.8054815634636345
ACN_LMS_Outage_Fallback,42,200,0.9285714285714286,0.8155887836382767,0.2829169396239623,70,0.647376929497061,0.7804424511804469,0.8065832053253473
ACN_LMS_Outage_Fallback,43,200,0.7,0.6886842068718341,0.2746988263286795,95,0.6265025874257568,0.7869073635993884,0.7610093444186364
ACN_LMS_Outage_Fallback,44,200,0.75,0.27485457277775927,0.28579099138416725,95,0.6738063092737782,0.7871963897692021,0.7367531271681655
ACN_LMS_Outage_Fallback,45,200,0.7857142857142857,0.6837531397694153,0.28544694843739105,90,0.5833698014705135,0.7879101696227125,0.7033711827291085
ACN_LMS_Outage_Fallback,46,200,0.8333333333333334,0.5556780391895031,0.28105646841458254,75,0.5967909731935926,0.7820904540149223,0.8124760837032354
ACN_LMS_Outage_Fallback,47,200,0.8620689655172413,0.38867738511452293,0.2988510495548248,75,0.6082498204037851,0.7914280418687748,0.7246480441207774
ACN_LMS_Outage_Fallback,48,200,0.8620689655172413,0.4523662677296241,0.2652270764995736,75,0.627503820780103,0.7953015443352263,0.7853328151766732
ACN_LMS_Outage_Fallback,49,200,0.8620689655172413,0.7024706119200866,0.2892852176599727,75,0.6474960925120767,0.7741751047570441,0.7711233876417505
ACN_LMS_Outage_Fallback,50,200,0.75,0.6361484742853022,0.29744805097492577,95,0.6847166621922176,0.7762078387371644,0.7546213378188052
ACN_LMS_Outage_Fallback,51,200,0.75,0.5416870794702685,0.28054988812654663,95,0.6305459363844578,0.7633865573354938,0.7324265294507326
ACN_LMS_Outage_Fallback,52,200,0.7931034482758621,0.5012337215660185,0.2776520585711498,85,0.6337305741921425,0.7971758258620718,0.7651406141077843
ACN_LMS_Outage_Fallback,53,200,0.8620689655172413,0.5713879380307124,0.29564344865433073,75,0.629130214610229,0.7657058318395775,0.7742881233558649
ACN_LMS_Outage_Fallback,54,200,0.6296296296296297,0.9608573506765061,0.29849286642419687,115,0.6154808911812351,0.7675685721317912,0.7633050444694637
ACN_LMS_Outage_Fallback,55,200,0.8928571428571429,0.5721020588274685,0.3049507184477227,75,0.642472210912685,0.7776241523884605,0.6823549845887216
ACN_LMS_Outage_Fallback,56,200,0.7931034482758621,0.7146255956816534,0.28948202313703436,85,0.6557553923666698,0.7744312900755522,0.7403013327876368
ACN_LMS_Outage_Fallback,57,200,0.7931034482758621,0.7693966609220193,0.26352989098291335,85,0.6178322699965696,0.7821378799736252,0.6572353423346924
ACN_LMS_Outage_Fallback,58,200,0.8928571428571429,0.5794068756875923,0.27045210747091386,75,0.6116717047024564,0.7896204883115716,0.6957936559912757
ACN_LMS_Outage_Fallback,59,200,0.8275862068965517,0.6064677230161197,0.33942816295210515,80,0.6417159702941294,0.7631226651536065,0.814298194384509
ACN_LMS_Outage_Fallback,60,200,0.8928571428571429,0.411692553085564,0.27333280852060576,75,0.6073183806793866,0.781881768681823,0.7614638577317131
ACN_LMS_Outage_Fallback,61,200,0.8275862068965517,0.6469774539771945,0.29721003182186034,80,0.629350660693666,0.7783471003450392,0.8022664418502833
ACN_LMS_Outage_Fallback,62,200,0.7931034482758621,0.6211633249442766,0.2684604612599057,85,0.6088371036768,0.7860133364567853,0.7701194243709453
ACN_LMS_Outage_Fallback,63,200,0.8461538461538461,0.32418685197319763,0.29846735671355207,90,0.6735066640344954,0.7827576882820667,0.7990680935617009
ACN_LMS_Outage_Fallback,64,200,0.7241379310344828,0.41689762529662644,0.27720873065293866,95,0.630141782020707,0.7419520197565354,0.7652542583556607
ACN_LMS_Outage_Fallback,65,200,0.8,0.693232804170404,0.30509403390990686,80,0.6163156536098195,0.7953155855240694,0.7079181564049559
ACN_LMS_Outage_Fallback,66,200,0.6206896551724138,0.5155540710439085,0.26556674235429434,110,0.6265535742850897,0.7866593735907077,0.73772469888741
ACN_LMS_Outage_Fallback,67,200,0.8620689655172413,0.4017744165735507,0.29969600711988115,75,0.6587030323234683,0.7710704083808236,0.7307565551665203
ACN_LMS_Outage_Fallback,68,200,0.8666666666666667,0.6915743555203517,0.25694331051428954,70,0.5756696879495703,0.7644171690133832,0.6879730780542118
ACN_LMS_Outage_Fallback,69,200,0.9,0.6147516288777004,0.3028060492819174,65,0.6345375634619729,0.7796614474107296,0.8210560118157715
ACN_LMS_Outage_Fallback,70,200,0.8,1.0298083316211386,0.2787840352667015,80,0.6813807013028513,0.8129562849877844,0.7948911651305689
ACN_LMS_Outage_Fallback,71,200,0.75,0.34489603789573114,0.29610514006548966,95,0.6535740536553094,0.7618371494536876,0.74941015296401
ACN_LMS_Outage_Fallback,72,200,0.75,0.4927142141676671,0.30013568776586413,95,0.6704027330532739,0.7779859770640264,0.7276733044607231
ACN_LMS_Outage_Fallback,73,200,0.7931034482758621,0.3690519364769591,0.3094308995534994,85,0.6741613573739729,0.7845371684179125,0.782499123073396
ACN_LMS_Outage_Fallback,74,200,0.7586206896551724,0.6501288470950848,0.2634045032021886,90,0.680535416764218,0.7711611041940274,0.781001434615238
ACN_LMS_Outage_Fallback,75,200,0.8214285714285714,0.9731010104552542,0.28586800843547705,85,0.630853441194134,0.767131400840859,0.7385466525784637
ACN_LMS_Outage_Fallback,76,200,0.9666666666666667,0.5291356293239661,0.27460351940900374,55,0.6596507215509437,0.7898586522252227,0.7738287886212252
ACN_LMS_Outage_Fallback,77,200,0.7931034482758621,0.9106018972505514,0.27584671334042715,85,0.6544000874879541,0.7848415353780057,0.7957027297733155
ACN_LMS_Outage_Fallback,78,200,0.75,0.9188135035406573,0.3073671527993859,95,0.5438955896701144,0.7472163935242374,0.7586008357275849
ACN_LMS_Outage_Fallback,79,200,0.75,0.5731020409659794,0.2993428244316727,95,0.675003103949055,0.7769872336422651,0.8062007222017943
ACN_LMS_Outage_Fallback,80,200,0.7586206896551724,0.6256426246096028,0.29017583655001755,90,0.6168973713483061,0.771915728090986,0.748443160553544
ACN_LMS_Outage_Fallback,81,200,0.7666666666666667,0.7735180730438134,0.28039079939862116,85,0.6788408335851576,0.7718713439761166,0.7496550267281284
ACN_LMS_Outage_Fallback,82,200,0.7666666666666667,0.8121502768627782,0.2667331929488375,85,0.6110030047800631,0.7711890402536881,0.761537691066263
ACN_LMS_Outage_Fallback,83,200,0.8275862068965517,0.6741779031552728,0.2750030578184468,80,0.6408421126252857,0.7994025350055071,0.7724811829820568
ACN_LMS_Outage_Fallback,84,200,0.75,0.445600544539753,0.2812447387290326,95,0.6224969265097916,0.7745529871930366,0.7893508625798665
ACN_LMS_Outage_Fallback,85,200,0.7241379310344828,0.6500204522546909,0.26647916176819597,95,0.6345956194576837,0.7714207970122672,0.7826003416823734
ACN_LMS_Outage_Fallback,86,200,0.7931034482758621,0.952153935309501,0.2789070141446971,85,0.5995729283032081,0.7573850268699629,0.7063748023699724
ACN_LMS_Outage_Fallback,87,200,0.7931034482758621,0.593984761027444,0.27257285933465597,85,0.6534011350003663,0.7780790043356588,0.7202451089179345
ACN_LMS_Outage_Fallback,88,200,0.8620689655172413,0.6247136872935414,0.26633682978182727,75,0.6350776469531256,0.7858196215975571,0.7512511120949431
ACN_LMS_Outage_Fallback,89,200,0.6785714285714286,0.6905307530684983,0.35035422756289747,105,0.6442812402666925,0.7782977213965264,0.8051773420206552
ACN_LMS_Outage_Fallback,90,200,0.8387096774193549,0.4557171060365087,0.29465372121538747,70,0.5991563535723853,0.7751302598990386,0.7244586819028956
ACN_LMS_Outage_Fallback,91,200,0.7666666666666667,0.4004624557260993,0.2853971177013994,85,0.6107428245997651,0.7713280848949509,0.7141686493919127
ACN_LMS_Outage_Fallback,92,200,0.6896551724137931,0.5765394734873006,0.2902508987949566,100,0.6259338037279026,0.7761713296344527,0.7271097667322963
ACN_LMS_Outage_Fallback,93,200,0.8214285714285714,0.5922044776347688,0.2966903376483636,85,0.6427679741934192,0.7642388014990208,0.7975032199674323
ACN_LMS_Outage_Fallback,94,200,0.8333333333333334,0.8909725586060999,0.26572597815682153,75,0.6006431883530285,0.7765974239386172,0.7592993095756234
ACN_LMS_Outage_Fallback,95,200,0.7857142857142857,0.478406216616706,0.27274241437033614,90,0.6199267715541772,0.7595167471591495,0.7594132418827158
ACN_LMS_Outage_Fallback,96,200,0.8709677419354839,0.4855922003395988,0.2784888615139186,65,0.6145919623905267,0.7636609306735491,0.7092824216700327
ACN_LMS_Outage_Fallback,97,200,0.7857142857142857,0.5453188139075135,0.2621541205073815,90,0.5999357003626437,0.7613942690446571,0.6831648461781565
ACN_LMS_Outage_Fallback,98,200,0.7777777777777778,0.681065308662948,0.27764950654193377,95,0.626668647029682,0.7866826324836145,0.7834727578821862
ACN_LMS_Outage_Fallback,99,200,0.6923076923076923,0.9020323523336709,0.2855340976640365,110,0.6627554903954805,0.7894629981986712,0.7034024826705388
ACN_LMS_Outage_Fallback,100,200,0.7037037037037037,0.5954609433651524,0.2725965138999897,105,0.6333519943541651,0.7406274671974875,0.7961146401993189
ACN_LMS_Outage_Fallback,101,200,0.6896551724137931,0.4716792816347365,0.27258646872914777,100,0.6600743404137059,0.79643676110589,0.7428251113700691
ACN_LMS_Outage_Fallback,102,200,0.8928571428571429,0.4482742210995276,0.2778830150644318,75,0.6653746573307441,0.7723373002916044,0.8154139693169441
ACN_LMS_Outage_Fallback,103,200,0.8666666666666667,0.39198017443402294,0.3106949205157762,70,0.6449200168115112,0.7931318455267558,0.7978483325642816
ACN_LMS_Outage_Fallback,104,200,0.5862068965517241,0.4139476366587906,0.27443893452841744,115,0.66732593849905,0.7712602565297537,0.7151078551691439
ACN_LMS_Outage_Fallback,105,200,0.7241379310344828,0.9137628634697844,0.2996421170204636,95,0.6902730250249,0.7925853877183615,0.8392784591864847
ACN_LMS_Outage_Fallback,106,200,0.8333333333333334,0.512952405878262,0.31173565007099685,75,0.6240204027197003,0.7888992464993548,0.7179306739538294
ACN_LMS_Outage_Fallback,107,200,0.7666666666666667,0.7075005969724993,0.2824720886896488,85,0.6022782439355473,0.7686032450428117,0.8012300144811336
ACN_LMS_Outage_Fallback,108,200,0.8,0.7311671328671261,0.2721625832750294,80,0.6542062366354225,0.7532183579134107,0.7494580163838432
ACN_LMS_Outage_Fallback,109,200,0.7241379310344828,0.4407296248860346,0.2721314347827909,95,0.6225666937650511,0.7657011110102957,0.7286090013023602
ACN_LMS_Outage_Fallback,110,200,0.8571428571428571,0.8742395088963941,0.2588381065045295,80,0.6225939302944294,0.7472974528274746,0.7789804845642899
ACN_LMS_Outage_Fallback,111,200,0.6206896551724138,0.5697268708736869,0.285185819294828,110,0.6639804331508015,0.7426044661959683,0.7747197545877309
ACN_LMS_Outage_Fallback,112,200,0.7931034482758621,0.9233803249896837,0.2998212883847482,85,0.6189805522998872,0.7671593784605785,0.709722786759252
ACN_LMS_Outage_Fallback,113,200,0.7692307692307693,0.5419225426703586,0.28219093075641183,100,0.625282028533511,0.7937450409208207,0.7860913120574331
ACN_LMS_Outage_Fallback,114,200,0.7931034482758621,0.576438390453206,0.28939246838077465,85,0.6315886559224816,0.796277395988077,0.7178598651358974
ACN_LMS_Outage_Fallback,115,200,0.7931034482758621,0.7505990819918092,0.27833447161504676,85,0.6429833477446789,0.7685399748685083,0.8046129923576048
ACN_LMS_Outage_Fallback,116,200,0.8666666666666667,0.6238528550228912,0.2810039792821775,70,0.6402135399655347,0.7638717003637101,0.7653398820728425
ACN_LMS_Outage_Fallback,117,200,0.7,0.8443182079067623,0.28923652645161657,95,0.650136653791733,0.7548950159117521,0.8136247635843572
ACN_LMS_Outage_Fallback,118,200,0.8620689655172413,0.3388740558040946,0.2922969704590495,75,0.6605661638518766,0.7590020045619466,0.7159906271528026
ACN_LMS_Outage_Fallback,119,200,0.8387096774193549,0.44791715845763796,0.30668986039140755,70,0.6509463840661212,0.781779252732869,0.75833422228445
ACN_LMS_Outage_Fallback,120,200,0.8666666666666667,0.5664389348765788,0.27735669984407124,70,0.6424252093303346,0.7806099939243389,0.8023680052831977
ACN_Exam_Peak_500,1,500,0.961038961038961,0.4076881084304278,1.2002658885190594,130,0.6398663918713003,0.7553116549303405,0.8836833774694407
ACN_Exam_Peak_500,2,500,0.9873417721518988,0.35409978955734545,1.211773282276257,110,0.6269110339284671,0.7709454938258614,0.8617770567446993
ACN_Exam_Peak_500,3,500,1.0,0.2901204933846105,1.2470511924576237,100,0.644471877547844,0.7792441356292354,0.8490898836151192
ACN_Exam_Peak_500,4,500,0.9876543209876543,0.3574754614821279,1.2267205711726632,100,0.6262367768094784,0.770139927465149,0.8421492371496365
ACN_Exam_Peak_500,5,500,0.9876543209876543,0.5842495925235254,1.2020701289199769,100,0.590315115541819,0.7762149227288346,0.8644966634357814
ACN_Exam_Peak_500,6,500,1.0,0.40655992738980795,1.2090525629111646,110,0.635208526833565,0.7777636963228803,0.8520003689503973
ACN_Exam_Peak_500,7,500,0.9743589743589743,0.6083627500039728,1.2528647932087633,120,0.6437509995027983,0.7935604971168885,0.8766823143528003
ACN_Exam_Peak_500,8,500,0.9868421052631579,0.43903393973837934,1.2263269205196605,125,0.6572126099788711,0.7652880175755269,0.8801463203676915
ACN_Exam_Peak_500,9,500,1.0,0.3038577169954473,1.2153435066539156,110,0.6165297855422608,0.7710381481405368,0.915731645958039
ACN_Exam_Peak_500,10,500,1.0,0.35325180951927554,1.2259988478739137,110,0.6206877426077164,0.7760054181406962,0.8079784298309484
ACN_Exam_Peak_500,11,500,0.9733333333333334,0.6303159805557002,1.2204450263226525,135,0.6269515414401898,0.7797024843888617,0.8162485435551081
ACN_Exam_Peak_500,12,500,0.9875,0.5072189496735127,1.2310973052847465,105,0.6026266906072263,0.7703055826973231,0.8765429377922733
ACN_Exam_Peak_500,13,500,0.9878048780487805,0.29278527680914096,1.2115308243497647,95,0.6588344636683133,0.7737964736884623,0.871143980079994
ACN_Exam_Peak_500,14,500,0.9620253164556962,0.34802585017239157,1.2132338875772353,120,0.6010475765732011,0.7667390844020476,0.842718906694276
ACN_Exam_Peak_500,15,500,0.9871794871794872,0.33746542455346007,1.280084172653011,115,0.6083723605141732,0.7704259652899081,0.8517997476092645
ACN_Exam_Peak_500,16,500,0.9868421052631579,0.45451069543179073,1.2707276797095153,125,0.6634519636088223,0.7827072604748273,0.8601226684496851
ACN_Exam_Peak_500,17,500,1.0,0.39166031210443575,1.1959820543848432,120,0.6514808255663934,0.7679195882430879,0.8842769271099882
ACN_Exam_Peak_500,18,500,0.9629629629629629,0.41842653762981963,1.2403376981588534,110,0.6376261305253889,0.7793993712785807,0.828811564698936
ACN_Exam_Peak_500,19,500,0.9871794871794872,0.35527551676917424,1.2154124674344495,115,0.617782663409345,0.7840688763207182,0.8653532253955686
ACN_Exam_Peak_500,20,500,0.975,0.3822736955206536,1.2007269350258576,110,0.6299374006857941,0.7820481805341428,0.834955029804731
ACN_Exam_Peak_500,21,500,1.0,0.3843393041886243,1.2250393065647547,105,0.6080078508512571,0.7726547920085303,0.8974321178624105
ACN_Exam_Peak_500,22,500,0.9876543209876543,0.6648818500231353,1.2355764436700598,100,0.6267409706828182,0.7807324408688636,0.8610261250824086
ACN_Exam_Peak_500,23,500,0.987012987012987,0.5376977024322727,1.2278516640820458,120,0.6083928302812689,0.7739584582713542,0.794962508097625
ACN_Exam_Peak_500,24,500,0.9871794871794872,0.34690290697372933,1.2455900349003302,115,0.6337642341314994,0.77274242647855,0.8546249052015081
ACN_Exam_Peak_500,25,500,0.9620253164556962,0.4108888540380464,1.2167547991637535,120,0.6114298699595513,0.780174916184554,0.8766024805501146
ACN_Exam_Peak_500,26,500,0.974025974025974,0.44998239010369095,1.2566699445988474,125,0.6476467385590501,0.7612704661124822,0.8742080995852074
ACN_Exam_Peak_500,27,500,0.987012987012987,0.4234687103659972,1.2027029248697099,120,0.6284247709115731,0.7738610486580647,0.8909767601946018
ACN_Exam_Peak_500,28,500,0.987012987012987,0.48002898423619744,1.2288962831742958,120,0.6117613756089677,0.7729575782026263,0.8160307354139139
ACN_Exam_Peak_500,29,500,1.0,0.4951424476188766,1.1990206790298878,110,0.6211116625669607,0.7740374855129594,0.9020763832929104
ACN_Exam_Peak_500,30,500,0.9615384615384616,0.6973808400514002,1.2139320245110028,125,0.6245726124605223,0.7685694407199792,0.9036328105132522
ACN_Exam_Peak_500,31,500,1.0,0.541511558489052,1.2001712806471263,100,0.6102462688577466,0.7576551900206793,0.8870865324672507
ACN_Exam_Peak_500,32,500,0.987012987012987,0.28548469124394166,1.2409829795183958,120,0.6413328235724773,0.7787012455209834,0.8769977047429199
ACN_Exam_Peak_500,33,500,0.9625,0.4194741099571286,1.2156394081048723,115,0.6430155617574678,0.7597431950957624,0.9054869465478288
ACN_Exam_Peak_500,34,500,1.0,0.649676361492617,1.2049810901169653,105,0.5883414166008202,0.7592648612620498,0.82972115258498
ACN_Exam_Peak_500,35,500,0.9875,0.49289082956064406,1.2035892944549944,105,0.6162706858420605,0.7789510320320623,0.8434400768037539
ACN_Exam_Peak_500,36,500,1.0,0.3790742370357536,1.202545309515231,115,0.6288741783290742,0.7891000628213103,0.832306643573243
ACN_Exam_Peak_500,37,500,0.9866666666666667,0.30348226414659085,1.2120742255368622,130,0.633818678604883,0.770071311446444,0.8313941725712392
ACN_Exam_Peak_500,38,500,0.9866666666666667,0.4286884723084536,1.1830759956529417,130,0.6286276655287186,0.7741875101466854,0.8552486346879545
ACN_Exam_Peak_500,39,500,0.9876543209876543,0.31216841271065315,1.2128535765195123,100,0.6444899123437923,0.7787300183022073,0.8809257611815897
ACN_Exam_Peak_500,40,500,0.987012987012987,0.4584521446831388,1.2026502491345927,120,0.6105579968117769,0.7813067676350591,0.8569284364076073
ACN_Exam_Peak_500,41,500,0.9605263157894737,0.4074240509708569,1.2056003603744987,135,0.6097621778272524,0.7762439202567828,0.8778764950892036
ACN_Exam_Peak_500,42,500,0.9871794871794872,0.46373700756408004,1.2175325436103865,115,0.6178524822620103,0.7761983833636886,0.8105662226571186
ACN_Exam_Peak_500,43,500,1.0,0.37677481402197166,1.2304240252382848,95,0.6034675395902012,0.7635470334454798,0.8578101766635962
ACN_Exam_Peak_500,44,500,1.0,0.5512624864203474,1.2182199613273013,95,0.6461313905079804,0.7677635882912107,0.8230386853926245
ACN_Exam_Peak_500,45,500,0.9871794871794872,0.566120232262645,1.2138263145303263,115,0.610732257548874,0.7803808521910476,0.8214108046615506
ACN_Exam_Peak_500,46,500,0.9615384615384616,0.48205569997427117,1.2059596390220713,125,0.6219579964644504,0.7834321650546838,0.8323596883406744
ACN_Exam_Peak_500,47,500,1.0,0.4632040979423186,1.2071051975952793,105,0.6342242435483119,0.7587052239778526,0.8736876240656505
ACN_Exam_Peak_500,48,500,0.9733333333333334,0.39478637907863373,1.2249058837385096,135,0.6580469750201764,0.7743204449019714,0.8957775664416807
ACN_Exam_Peak_500,49,500,0.95,0.7630687571065968,1.2205547794417047,120,0.6291252806601201,0.7668477100326145,0.8710250197302543
ACN_Exam_Peak_500,50,500,1.0,0.577393408249149,1.2244257977264854,115,0.6334603639018082,0.7630042831890095,0.8465581864137014
ACN_Exam_Peak_500,51,500,1.0,0.3796197960993644,1.1993468507946543,100,0.6237175786300813,0.7796812045599678,0.8553697667178564
ACN_Exam_Peak_500,52,500,0.9866666666666667,0.3934756886453625,1.227763562470865,130,0.6440150285307698,0.7596644943256202,0.8754999309418039
ACN_Exam_Peak_500,53,500,0.975,0.40194360485740477,1.2235182419719337,110,0.6023932962421451,0.771666318846147,0.8340097835584792
ACN_Exam_Peak_500,54,500,1.0,0.4916232820704246,1.2403793738648634,110,0.6394852227945665,0.7799649624961917,0.8486054650307765
ACN_Exam_Peak_500,55,500,0.9743589743589743,0.33799653059812607,1.227205150429728,120,0.6248773606205626,0.7611330412524796,0.8873359921142395
ACN_Exam_Peak_500,56,500,0.9746835443037974,0.4359297815752761,1.2395224505135276,115,0.6426497659899384,0.7714400555247619,0.9130321592053928
ACN_Exam_Peak_500,57,500,0.9620253164556962,0.4688037511125175,1.1915939051693567,120,0.6524944368192372,0.780148788592559,0.81335324066912
ACN_Exam_Peak_500,58,500,0.9873417721518988,0.5115913467054978,1.2209962020258065,110,0.6249131808019814,0.7629500770310507,0.8652540555751311
ACN_Exam_Peak_500,59,500,0.9875,0.4643413273836928,1.2251168631020308,105,0.6650773345626965,0.7647456130556778,0.9021628590152628
ACN_Exam_Peak_500,60,500,0.9871794871794872,0.6218591542648974,1.2156311636325388,115,0.6056755592403028,0.7613457944887727,0.9023392027089822
ACN_Exam_Peak_500,61,500,0.9620253164556962,0.5880968497623329,1.2182868277007732,120,0.6495177374539355,0.7730250169079584,0.875812335438762
ACN_Exam_Peak_500,62,500,0.9868421052631579,0.21169565625438022,1.2062825730762752,125,0.6461533650589101,0.7646625813724804,0.8999525780302235
ACN_Exam_Peak_500,63,500,1.0,0.4783384673297376,1.200850494524646,115,0.6404433349398402,0.7692307360934316,0.9388900027248192
ACN_Exam_Peak_500,64,500,0.9873417721518988,0.4647117927285188,1.22301450527147,110,0.6077831473135693,0.7830742772630722,0.8545933922494063
ACN_Exam_Peak_500,65,500,1.0,0.30720340318416073,1.192412170727303,95,0.6129612413894523,0.7631467832945604,0.841386061099352
ACN_Exam_Peak_500,66,500,0.9868421052631579,0.5620827936922255,1.209633484205607,125,0.6604289537253761,0.760195090301615,0.8417194166119085
ACN_Exam_Peak_500,67,500,0.9746835443037974,0.3782872755378102,1.1964629803516762,115,0.6202301932904107,0.7692264458544142,0.8455339341191784
ACN_Exam_Peak_500,68,500,1.0,0.28702486470748706,1.2191404261456387,115,0.6458608892333645,0.7712195749421619,0.8746155316582023
ACN_Exam_Peak_500,69,500,0.9864864864864865,0.3743863299734944,1.203059283379176,135,0.6360526653135112,0.7751468104975447,0.8914034309411605
ACN_Exam_Peak_500,70,500,0.9620253164556962,0.5868816294659788,1.2174061942948275,120,0.6175928133799914,0.769375704911101,0.8831111758302224
ACN_Exam_Peak_500,71,500,0.9487179487179487,0.6698974451290017,1.2304359624073113,130,0.6395299599485615,0.7557302980992124,0.8298404629403603
ACN_Exam_Peak_500,72,500,0.9620253164556962,0.38981119374554457,1.2115415407039793,120,0.6311791629104345,0.7707263171001758,0.8223891153512805
ACN_Exam_Peak_500,73,500,0.96,0.4011159702861923,1.2047985506154635,140,0.6609126334094066,0.7759973287826966,0.9159326634597336
ACN_Exam_Peak_500,74,500,1.0,0.38191241574956625,1.2067775691639857,125,0.6245339767933048,0.7692960229213164,0.827837903849633
ACN_Exam_Peak_500,75,500,0.9873417721518988,0.2743145861858244,1.3036361027075678,110,0.5882041205012855,0.7745930749408152,0.8594136990397312
ACN_Exam_Peak_500,76,500,0.9871794871794872,0.5431331974366863,1.2694213091101296,115,0.6152355052517235,0.774367093349319,0.8563534665516421
ACN_Exam_Peak_500,77,500,0.9743589743589743,0.43576672006902795,1.2166313809926292,120,0.6346994270335102,0.7685714574053966,0.8129157185483193
ACN_Exam_Peak_500,78,500,0.975,0.4499333555104871,1.212146481252939,110,0.6087697715342852,0.767926436526948,0.8186155923600044
ACN_Exam_Peak_500,79,500,1.0,0.41657205269650044,1.2565214483493798,95,0.6337012322687132,0.771005707149297,0.8974781339494097
ACN_Exam_Peak_500,80,500,0.9875,0.37780417401266675,1.2157183514310632,105,0.6503705440542924,0.7781831169148712,0.8662113735736137
ACN_Exam_Peak_500,81,500,0.9367088607594937,0.4506226021034885,1.2108250845501174,130,0.6251633167870834,0.7593241271509094,0.8178109261074619
ACN_Exam_Peak_500,82,500,0.9615384615384616,0.4466416857679744,1.2164704741645667,125,0.6099287477698057,0.7691954403993356,0.8515198462668916
ACN_Exam_Peak_500,83,500,0.9871794871794872,0.5030260799740107,1.2235240128936378,115,0.6126179695399627,0.7720628829377423,0.8500335355174805
ACN_Exam_Peak_500,84,500,1.0,0.3967799595366085,1.2131820910993307,125,0.6249631719376763,0.7826344103123917,0.953834525379312
ACN_Exam_Peak_500,85,500,0.9871794871794872,0.5546259956687208,1.2372826395568484,115,0.6294914384452391,0.7800671523176025,0.8292702895560369
ACN_Exam_Peak_500,86,500,0.9875,0.3535543649682024,1.241822263980841,105,0.6520571157907467,0.7697239603557124,0.8630097694750299
ACN_Exam_Peak_500,87,500,0.9871794871794872,0.50498767221003,1.2295250405114455,115,0.6265537877368857,0.7612438834180223,0.8944381580110502
ACN_Exam_Peak_500,88,500,0.9759036144578314,0.49395232428787306,1.2257475734463465,95,0.6298492951409361,0.7758179930797579,0.9542197332961029
ACN_Exam_Peak_500,89,500,0.9743589743589743,0.30498776605813377,1.216309412152575,120,0.618884288584915,0.789425661934256,0.8189402339150532
ACN_Exam_Peak_500,90,500,0.9753086419753086,0.5364243652208348,1.2107757343834205,105,0.622513364270461,0.7728866551010598,0.8555111314951885
ACN_Exam_Peak_500,91,500,0.9873417721518988,0.4438752066607853,1.230850811108451,110,0.6191668855308405,0.7765746267198921,0.8037407354348715
ACN_Exam_Peak_500,92,500,0.9873417721518988,0.41341891491966243,1.2392110246391546,110,0.6411795601237046,0.7648078286915566,0.8903370050066001
ACN_Exam_Peak_500,93,500,0.9875,0.2804998434063813,1.2339824799059933,105,0.6295454316525722,0.7586691779480346,0.8143084124450629
ACN_Exam_Peak_500,94,500,0.9875,0.5440205638456795,1.2169386469312864,105,0.624897609857518,0.7782714069039727,0.814371439108203
ACN_Exam_Peak_500,95,500,0.9868421052631579,0.4514996512163365,1.237719361446658,125,0.620578791357567,0.7710275552365031,0.8611885993235663
ACN_Exam_Peak_500,96,500,1.0,0.21297178855616075,1.23247598025358,95,0.6091131142140421,0.7616093228560155,0.8600157270224145
ACN_Exam_Peak_500,97,500,1.0,0.5188611861559336,1.2385779901246325,105,0.6313206442098994,0.7832070921452865,0.8865427788739606
ACN_Exam_Peak_500,98,500,0.9753086419753086,0.4539719939070145,1.2318314946908515,105,0.6293127954452553,0.7806983455648638,0.8801095017455584
ACN_Exam_Peak_500,99,500,0.9358974358974359,0.5388421363423042,1.2129536410624742,135,0.6080818757031249,0.7604044989943743,0.8030541964862332
ACN_Exam_Peak_500,100,500,0.9871794871794872,0.4161898303938416,1.2725688883990418,115,0.6222134967277784,0.7662481723102148,0.8866890283729811
ACN_Exam_Peak_500,101,500,0.9743589743589743,0.5274638802750043,1.208813962683208,120,0.6297800539528006,0.7734443046597143,0.8096155327526722
ACN_Exam_Peak_500,102,500,0.9873417721518988,0.5554295208406441,1.2328674597744123,110,0.6473049478224824,0.7604994017280668,0.9345400611255374
ACN_Exam_Peak_500,103,500,1.0,0.20536748688448636,1.211557566851312,105,0.6064568784758273,0.785714105533336,0.844252734011626
ACN_Exam_Peak_500,104,500,0.9878048780487805,0.7096815541677076,1.238308679945557,95,0.6416049110428538,0.761597466128781,0.8687761494744717
ACN_Exam_Peak_500,105,500,0.9620253164556962,0.39964613384086994,1.2187272595028433,120,0.6435202924707764,0.7812089308321856,0.8653936681955349
ACN_Exam_Peak_500,106,500,0.9873417721518988,0.37791868922217586,1.2216268978963276,110,0.608682267836082,0.7839496465056647,0.8477827914283699
ACN_Exam_Peak_500,107,500,0.9875,0.4505167272123627,1.2029401356807177,105,0.6124038290037244,0.768879947845223,0.8953625250366947
ACN_Exam_Peak_500,108,500,0.987012987012987,0.38480018524923987,1.2075220180336996,120,0.6295006814957764,0.7669689415927177,0.8878730317081419
ACN_Exam_Peak_500,109,500,0.9875,0.6015542752027592,1.2175733228723737,105,0.6155366029767319,0.7748382164849197,0.8541968714371602
ACN_Exam_Peak_500,110,500,0.9743589743589743,0.268179865615902,1.2318648420241813,120,0.599413472007976,0.7715115529922176,0.8684433101861054
ACN_Exam_Peak_500,111,500,0.9733333333333334,0.35592306967390663,1.1998066618501038,135,0.6539137547928889,0.7753323271067696,0.8761099374147909
ACN_Exam_Peak_500,112,500,0.975,0.4398273338076527,1.2011469711920257,110,0.6197175185992786,0.7679977731483056,0.8611419430587329
ACN_Exam_Peak_500,113,500,0.9871794871794872,0.36576703918683295,1.2201171824560866,115,0.6395913236911672,0.766056819718349,0.8784919843016271
ACN_Exam_Peak_500,114,500,0.987012987012987,0.45977199602722063,1.2361177669031929,120,0.5989127188118365,0.7684212679002639,0.9027021073001986
ACN_Exam_Peak_500,115,500,0.9743589743589743,0.503670888253913,1.2242595544252837,120,0.64042661103492,0.7650757683413629,0.8455854257318042
ACN_Exam_Peak_500,116,500,0.9743589743589743,0.22620766008366744,1.2065319302838318,120,0.6029047711831917,0.7696851653307895,0.8411409281296017
ACN_Exam_Peak_500,117,500,1.0,0.42916965977949817,1.2284938427073564,110,0.6352084894035188,0.7612335314491505,0.8406492534183319
ACN_Exam_Peak_500,118,500,0.9620253164556962,0.31943194328435326,1.2245304252840348,120,0.6446708353421186,0.7670154591712774,0.887661896898979
ACN_Exam_Peak_500,119,500,0.9746835443037974,0.2751864001800011,1.2110951883249605,115,0.6158609592139598,0.7736578248044158,0.8451286323668236
ACN_Exam_Peak_500,120,500,1.0,0.3073176777643361,1.2247776792272245,115,0.6170101076826827,0.7810370662291777,0.8267066902503937
